Freq(Hz),Sdd11(mag),Sdd11(phase),Sds12(mag),Sds12(phase),Ssd21(mag),Ssd21(phase),Sss22(mag),Sss22(phase)
1.00E+07,-27.61557,-166.93788,-13.62882,-5.5268,-12.81794,-6.57192,-20.13341,43.82785
1.60E+07,-34.23537,159.70164,-12.92773,-6.28838,-12.81303,-9.48556,-19.37786,-0.42818
2.20E+07,-33.63838,178.39011,-12.81389,-13.18139,-12.52328,-12.139,-20.60957,-1.29928
2.80E+07,-31.84376,130.13182,-13.13809,-13.96855,-12.76983,-13.24546,-20.09516,-0.22567
3.40E+07,-30.32472,133.04834,-13.3407,-16.81509,-13.01873,-15.24244,-21.26942,-3.21897
4.00E+07,-29.46026,108.74044,-12.95862,-18.67135,-12.82626,-19.73673,-21.14564,-6.13538
4.59E+07,-28.78969,126.63984,-12.79385,-24.04047,-12.98901,-24.4374,-22.33574,-7.29812
5.19E+07,-29.12976,108.03172,-13.13538,-25.9799,-12.99336,-24.41071,-21.2024,-9.08506
5.79E+07,-34.20849,106.23374,-13.38383,-27.49644,-13.03372,-28.64402,-20.20564,3.33716
6.39E+07,-32.04565,102.57281,-12.98537,-31.49248,-13.469,-30.8589,-19.52821,-6.88697
6.99E+07,-33.44118,98.08469,-13.20977,-34.7815,-12.66297,-34.31551,-20.39306,-5.20074
7.59E+07,-30.47517,94.96883,-12.9296,-35.56575,-12.93906,-36.49326,-20.46926,-4.42579
8.19E+07,-30.88243,81.27171,-13.43157,-39.36929,-13.17699,-38.90104,-19.56427,-0.1173
8.79E+07,-32.20956,66.97906,-13.53413,-41.32351,-13.09026,-42.37515,-19.88531,-7.03098
9.39E+07,-30.44153,60.59576,-13.20217,-44.52967,-12.98925,-45.79605,-20.18575,-7.44003
9.99E+07,-30.35498,68.93121,-13.32815,-47.41262,-13.17868,-48.26596,-19.89993,-10.97233
1.06E+08,-28.76087,49.5406,-13.18798,-49.3018,-13.15406,-52.46447,-20.38728,-9.9681
1.12E+08,-28.6595,51.2482,-13.25099,-53.1501,-13.18923,-53.50745,-20.22561,-13.18918
1.18E+08,-26.77395,43.65797,-13.3819,-57.12691,-13.25848,-55.21658,-19.89445,-7.46579
1.24E+08,-27.27978,43.83164,-13.30339,-58.94773,-13.35998,-57.93093,-20.11607,-14.83335
1.30E+08,-27.46379,46.53926,-13.46271,-61.07513,-13.39337,-62.27076,-20.08677,-17.25309
1.36E+08,-27.34965,43.71695,-13.50225,-63.89481,-13.44025,-62.47603,-19.42269,-17.64025
1.42E+08,-26.47349,29.64646,-13.39905,-66.17512,-13.33742,-66.38974,-19.60068,-18.59392
1.48E+08,-27.72904,34.55762,-13.53123,-67.88804,-13.30566,-68.90101,-19.78926,-17.52025
1.54E+08,-26.87514,38.51872,-13.57193,-71.89838,-13.13065,-71.68337,-19.29036,-21.86667
1.60E+08,-27.60693,38.10395,-13.31937,-74.41725,-13.11533,-75.16607,-19.25515,-21.2469
1.66E+08,-26.68334,31.74757,-13.39754,-77.55407,-13.43758,-75.34748,-18.93932,-16.12961
1.72E+08,-27.81088,20.63798,-13.55126,-78.81471,-13.34933,-79.33314,-19.99888,-22.39264
1.78E+08,-27.19168,18.00512,-13.43291,-82.37992,-13.25129,-82.72714,-19.45161,-20.55884
1.84E+08,-27.19119,8.85888,-13.55997,-84.16198,-13.18498,-85.35174,-20.37205,-19.40103
1.90E+08,-27.33659,1.29339,-13.54532,-86.83394,-13.31899,-87.80782,-19.55443,-23.68024
1.96E+08,-27.13972,-9.25159,-13.61218,-88.823,-13.34976,-90.23832,-19.90118,-23.23518
2.02E+08,-26.72773,-3.93939,-13.48074,-91.68613,-13.59579,-92.62135,-19.64971,-28.07149
2.08E+08,-27.21752,-10.13438,-13.45492,-94.07272,-13.52947,-95.21158,-19.71873,-27.91416
2.14E+08,-25.58032,-11.4999,-13.53367,-95.34505,-13.4717,-96.00558,-19.48186,-27.7431
2.20E+08,-25.03489,-14.62172,-13.36158,-99.48055,-13.20472,-100.07706,-19.64758,-26.99911
2.26E+08,-25.54158,-15.95396,-13.44538,-101.53265,-13.0286,-101.55487,-19.23848,-31.72749
2.32E+08,-25.4416,-16.41157,-13.2309,-105.53423,-13.26422,-105.56101,-19.23869,-32.27194
2.38E+08,-25.37555,-19.23827,-13.46326,-106.99294,-13.16153,-108.05141,-19.19934,-34.15478
2.44E+08,-25.65584,-31.96291,-13.4759,-110.2669,-13.18077,-112.36153,-19.03631,-33.66082
2.50E+08,-25.05833,-30.58212,-13.44678,-111.90068,-13.34645,-114.24766,-18.85224,-35.55509
2.56E+08,-25.19083,-27.02222,-13.17811,-115.39434,-12.83618,-116.69653,-19.19534,-31.46189
2.62E+08,-26.30168,-37.83965,-13.16065,-117.00436,-12.98453,-117.59853,-19.55279,-33.11635
2.68E+08,-26.40191,-40.2074,-13.02353,-120.76728,-13.22606,-122.41872,-18.46299,-34.5641
2.74E+08,-26.15072,-40.27116,-13.09997,-123.63676,-12.8698,-123.7794,-18.60511,-40.03522
2.80E+08,-25.95893,-49.00813,-13.15202,-127.35012,-13.12329,-127.63498,-19.58713,-36.32117
2.86E+08,-26.08924,-57.09439,-13.22528,-128.75299,-13.20816,-129.97136,-18.81836,-43.6702
2.92E+08,-25.96694,-62.39334,-13.1803,-131.26424,-13.04319,-131.60904,-18.84575,-40.1108
2.98E+08,-26.04384,-68.48531,-12.97073,-133.95357,-13.34498,-137.39966,-18.83588,-45.54781
3.04E+08,-25.09876,-65.42853,-13.02678,-139.10785,-13.00317,-138.12616,-18.691,-44.75057
3.10E+08,-25.61523,-68.11855,-13.21148,-139.68419,-13.18234,-140.35001,-18.70273,-45.31748
3.15E+08,-25.40402,-79.32254,-12.99107,-142.73677,-13.10051,-144.42424,-19.07593,-43.03211
3.21E+08,-24.58932,-84.27731,-12.8313,-145.77554,-12.95786,-145.98999,-18.94758,-46.48682
3.27E+08,-25.51576,-74.06062,-12.91341,-147.68353,-12.76968,-150.44144,-18.85942,-47.73582
3.33E+08,-25.1514,-82.06178,-13.0936,-150.70599,-13.03646,-154.13989,-18.75973,-53.74053
3.39E+08,-25.26471,-93.97734,-12.84723,-153.47894,-13.0739,-154.3252,-18.54804,-49.32494
3.45E+08,-25.3766,-94.69251,-12.85905,-157.78987,-12.83872,-159.21054,-19.77379,-51.17638
3.51E+08,-25.39104,-92.98084,-12.8948,-161.32222,-12.97963,-161.27202,-18.79738,-54.41906
3.57E+08,-25.8011,-95.52489,-12.78049,-163.71169,-13.08792,-164.68692,-18.72505,-60.40934
3.63E+08,-26.11412,-108.23029,-12.88163,-166.53429,-12.88485,-166.26926,-18.64466,-53.53325
3.69E+08,-26.67802,-110.46239,-12.97867,-169.25868,-12.66537,-170.21141,-18.4479,-58.99917
3.75E+08,-26.158,-119.78004,-12.78197,-172.75389,-13.00113,-173.45311,-18.83795,-57.34232
3.81E+08,-27.2948,-119.84444,-12.74856,-175.35268,-13.03011,-176.07309,-18.53508,-59.11821
3.87E+08,-26.25037,-127.95291,-12.72732,-177.40321,-13.04234,-178.02788,-18.48321,-61.06718
3.93E+08,-25.57497,-126.40911,-12.93876,178.99416,-12.90306,178.42683,-17.9881,-62.32309
3.99E+08,-25.07653,-137.17401,-12.79097,178.53845,-13.20987,174.76689,-19.03883,-59.21449
4.05E+08,-25.84122,-127.66724,-13.1927,173.13141,-12.91606,173.54698,-18.66577,-61.72636
4.11E+08,-26.16802,-140.79411,-12.8172,168.87755,-12.78855,170.63708,-18.4121,-64.23388
4.17E+08,-26.01105,-143.90102,-12.99358,168.47214,-13.13639,165.54103,-18.55204,-69.18824
4.23E+08,-24.62631,-149.36072,-12.94924,162.90198,-12.89137,164.19629,-18.31955,-69.87783
4.29E+08,-25.41391,-157.24406,-13.05016,163.18777,-12.58183,160.00175,-18.08918,-67.00194
4.35E+08,-25.42393,-153.25014,-13.32081,158.60707,-13.02795,160.2827,-18.63693,-68.10173
4.41E+08,-26.79057,-156.3976,-13.16212,156.30627,-13.07156,154.5307,-17.69138,-69.49804
4.47E+08,-26.84855,-179.28969,-12.90007,154.97627,-12.98637,152.39365,-17.78418,-71.14388
4.53E+08,-27.49247,-170.19185,-13.02494,150.59442,-12.87476,149.59731,-17.53504,-70.97767
4.59E+08,-26.67673,-176.661,-13.15916,149.22453,-13.19152,148.37779,-18.82412,-69.69009
4.65E+08,-28.01479,177.45351,-13.06018,144.53149,-12.92988,144.05231,-17.82649,-70.83383
4.71E+08,-29.26374,167.05353,-12.91511,141.03755,-13.17085,142.20421,-18.35389,-74.20377
4.77E+08,-27.68588,162.21394,-13.20939,138.57211,-13.03622,138.41185,-18.61165,-77.82989
4.83E+08,-27.4312,150.07317,-13.08783,136.97655,-13.2906,138.5614,-18.52709,-79.22411
4.89E+08,-28.16726,151.01248,-13.20276,132.54077,-13.12464,132.59726,-18.88825,-78.51803
4.95E+08,-26.33858,147.69803,-13.34905,132.76869,-13.36649,130.49086,-18.316,-79.38844
5.01E+08,-27.78361,141.20683,-13.26057,127.40307,-13.13482,127.19786,-18.05937,-84.10531
5.07E+08,-27.09334,145.03473,-13.43194,125.76177,-13.21771,124.45784,-18.33415,-81.79768
5.13E+08,-27.24421,135.57257,-13.46057,123.11018,-13.22294,122.60104,-18.42001,-86.55344
5.19E+08,-27.00389,131.46246,-13.18456,121.7621,-13.32963,121.30862,-18.10646,-85.84255
5.25E+08,-27.09315,130.76445,-13.07974,117.85844,-13.23335,118.15166,-17.28018,-83.40757
5.31E+08,-26.1589,131.70146,-13.32257,114.61313,-13.46069,114.99741,-18.46898,-83.2296
5.37E+08,-26.71937,123.45862,-13.37206,112.44985,-13.2493,111.21079,-18.4434,-86.28462
5.43E+08,-25.73585,112.75745,-13.63773,109.2189,-13.46897,109.10847,-18.25665,-83.55795
5.49E+08,-27.08562,119.41105,-13.45029,106.95435,-13.23723,104.5554,-18.37607,-87.84415
5.55E+08,-28.57941,102.91035,-13.19034,104.71073,-13.39139,102.20475,-18.63507,-93.38596
5.61E+08,-25.64691,97.44675,-13.43416,100.7757,-13.3594,100.97835,-18.75109,-88.15418
5.67E+08,-27.44099,104.5676,-13.38132,100.46694,-13.49397,98.63419,-18.3475,-93.48399
5.73E+08,-27.16116,92.42249,-13.48865,96.22543,-13.20195,94.36381,-18.56768,-97.13502
5.79E+08,-26.56111,87.38326,-13.40484,93.31529,-13.5122,92.17888,-17.66635,-95.75579
5.85E+08,-25.92685,86.19812,-13.32892,90.65928,-13.38964,90.14108,-18.22266,-96.95213
5.91E+08,-26.9864,79.37789,-13.491,88.37451,-13.1423,87.88337,-17.81579,-98.86395
5.97E+08,-25.25405,63.41874,-13.30248,86.83475,-13.32001,84.01428,-18.0822,-98.71802
6.03E+08,-26.00069,70.38126,-13.61725,83.94313,-13.52106,82.62373,-17.67512,-100.4121
6.09E+08,-24.91395,66.00744,-13.46452,80.77045,-13.15065,79.6986,-18.08396,-97.62279
6.15E+08,-25.36775,57.47937,-13.40861,77.48949,-13.27212,77.10114,-18.43198,-104.90967
6.21E+08,-25.28579,64.72728,-13.44262,75.05384,-13.23687,73.97332,-18.03877,-100.05801
6.27E+08,-24.84197,52.16856,-13.14691,72.70589,-13.254,71.47668,-17.91894,-101.15243
6.33E+08,-25.90413,51.07623,-13.23153,69.80071,-13.19392,68.13544,-18.27615,-105.97965
6.39E+08,-25.48083,47.02294,-13.03286,66.99483,-13.55041,68.161,-17.78475,-105.39545
6.45E+08,-25.20519,43.63432,-13.43134,66.12826,-13.37207,63.79135,-18.70822,-102.52775
6.51E+08,-25.17053,38.97505,-13.5105,65.54365,-13.2746,59.81984,-18.18793,-101.56497
6.57E+08,-25.94906,37.49241,-13.50826,60.14198,-13.13249,56.88722,-17.94178,-106.28311
6.63E+08,-25.34668,30.75571,-13.28221,57.38146,-13.21403,54.93907,-17.92743,-108.29984
6.69E+08,-25.64653,23.12852,-13.24887,52.67964,-13.46204,52.33194,-17.92048,-110.70892
6.75E+08,-26.32511,15.79532,-13.28442,50.78718,-13.27568,49.59716,-18.64979,-113.89957
6.81E+08,-24.62473,18.44425,-13.05152,49.28827,-13.07892,47.61135,-17.97884,-110.43296
6.87E+08,-25.21982,11.44533,-13.2945,45.31064,-13.19725,44.31518,-17.6019,-115.54211
6.93E+08,-24.35825,7.54583,-13.19472,43.72562,-13.14715,42.58122,-17.9302,-115.9301
6.99E+08,-24.38913,5.2126,-13.20316,40.88868,-13.51302,38.14355,-17.73466,-110.98611
7.05E+08,-23.94396,4.66978,-13.2905,38.32481,-13.38644,34.62579,-18.0115,-117.58329
7.11E+08,-25.32034,-4.57299,-13.27012,34.38208,-13.23212,32.73194,-18.20122,-116.51189
7.17E+08,-24.38478,-3.09338,-13.17487,34.27283,-13.15488,30.50555,-17.97237,-118.24458
7.23E+08,-24.69136,-6.2701,-13.33124,29.94295,-13.29778,26.77219,-17.53415,-123.12333
7.29E+08,-24.13119,-10.11833,-13.27052,26.59193,-13.16225,24.94844,-17.99368,-122.24789
7.35E+08,-24.71922,-7.07292,-12.98264,24.31069,-13.50304,20.79957,-17.80757,-122.85136
7.41E+08,-24.49907,-12.94594,-12.99284,19.82472,-13.20983,19.63161,-17.59432,-122.6125
7.47E+08,-25.73542,-20.1571,-13.17,18.52246,-13.11544,15.73876,-17.7761,-124.46773
7.53E+08,-24.46144,-29.48146,-13.14448,15.09396,-13.21666,13.95108,-17.94253,-121.77081
7.59E+08,-25.21333,-27.76491,-13.28274,12.65453,-13.23995,10.61476,-17.66005,-126.66915
7.65E+08,-25.20304,-35.90648,-13.21469,11.10555,-13.38971,8.38296,-17.75488,-125.02861
7.71E+08,-24.0629,-41.58976,-13.11888,6.92964,-13.33514,4.81258,-18.25568,-127.6295
7.77E+08,-24.93644,-40.49571,-13.0163,5.72238,-13.13693,1.42068,-18.17284,-128.17455
7.83E+08,-24.99349,-49.94556,-13.07458,1.14241,-13.12935,0.01099,-17.53959,-129.46599
7.89E+08,-24.36983,-48.59215,-13.17943,-1.24186,-13.13317,-3.85233,-17.72723,-132.39499
7.95E+08,-25.63163,-53.19336,-13.10831,-3.83341,-13.16671,-7.35295,-17.41561,-133.84731
8.01E+08,-24.46237,-58.39601,-13.20039,-6.47155,-12.95164,-10.25528,-17.9794,-132.37601
8.07E+08,-25.17074,-60.12826,-13.06253,-9.90249,-13.18812,-12.43911,-17.57492,-134.83099
8.13E+08,-25.2166,-60.87998,-13.03153,-14.01631,-12.99351,-13.74703,-17.58316,-134.5174
8.19E+08,-24.58491,-68.09302,-13.0099,-14.93355,-13.11068,-16.56478,-17.36156,-137.48239
8.25E+08,-25.39873,-74.4505,-13.18112,-18.66878,-13.21695,-21.08838,-17.73109,-134.65816
8.31E+08,-25.16696,-74.63648,-12.96689,-21.45214,-13.10573,-23.7334,-17.88605,-133.94432
8.37E+08,-25.80877,-73.11829,-12.78973,-23.88817,-13.48917,-27.40927,-17.6354,-139.38989
8.43E+08,-26.21521,-82.33738,-13.11781,-25.75485,-13.09405,-29.40368,-17.90142,-138.07617
8.49E+08,-26.84343,-88.96239,-13.19867,-28.71482,-13.18607,-32.04619,-17.94502,-143.55411
8.55E+08,-26.55055,-91.53042,-13.28706,-31.24529,-13.18363,-34.45302,-17.97841,-141.15973
8.61E+08,-27.04595,-94.6846,-13.16239,-36.86023,-13.31584,-35.23626,-17.98441,-144.41425
8.67E+08,-26.69698,-98.06813,-13.17514,-39.20465,-13.30575,-40.86597,-17.90937,-144.04198
8.73E+08,-26.9116,-105.62413,-13.02573,-40.70385,-13.3701,-44.55457,-18.10724,-147.97882
8.79E+08,-26.83645,-101.27686,-13.15977,-43.83408,-13.21504,-44.56974,-17.0678,-147.39124
8.85E+08,-27.89173,-107.73087,-13.17287,-47.25243,-13.286,-48.44166,-17.68316,-146.6333
8.91E+08,-26.9028,-119.57899,-13.22521,-48.6551,-13.31659,-50.80112,-17.67452,-149.0025
8.97E+08,-27.45854,-115.69894,-13.21379,-51.88974,-13.6393,-53.72834,-17.55068,-150.9106
9.03E+08,-27.01416,-120.78679,-13.18887,-55.46686,-13.12787,-56.26909,-17.55514,-148.36513
9.09E+08,-28.60231,-130.28656,-13.18808,-56.36289,-13.22147,-58.33192,-17.71807,-151.84364
9.14E+08,-28.18191,-135.29822,-13.35153,-60.25874,-13.43965,-61.98033,-17.3815,-153.90518
9.20E+08,-28.17121,-137.02434,-13.19174,-62.6227,-13.35864,-65.50185,-17.28191,-154.57335
9.26E+08,-29.29361,-138.98152,-13.47561,-65.42652,-13.23143,-67.62987,-18.30587,-154.701
9.32E+08,-28.80806,-147.99348,-13.33332,-68.8822,-13.39645,-70.77362,-17.68603,-156.59299
9.38E+08,-30.47035,-155.00711,-13.19021,-70.3298,-13.30987,-72.0555,-17.85866,-156.66049
9.44E+08,-30.98578,-154.04398,-13.15142,-73.67047,-13.33314,-74.90121,-17.487,-154.12018
9.50E+08,-31.81699,-154.79567,-13.28787,-76.95865,-13.2768,-79.24681,-17.58485,-153.90747
9.56E+08,-30.80382,178.29808,-13.2564,-78.73186,-13.56261,-80.91753,-17.8209,-160.7346
9.62E+08,-30.97208,-176.79611,-13.05056,-82.21362,-13.27691,-83.14867,-17.7106,-158.37616
9.68E+08,-31.58731,168.50314,-13.26673,-84.02746,-13.36116,-86.71932,-17.80533,-161.62701
9.74E+08,-33.32807,152.85162,-13.31125,-88.36048,-13.4134,-89.92818,-17.69282,-159.35132
9.80E+08,-30.89745,170.29446,-13.45961,-89.93288,-13.28035,-91.71328,-18.03312,-162.79384
9.86E+08,-30.99422,162.93893,-13.24434,-92.83529,-13.53925,-94.66035,-17.69568,-162.61497
9.92E+08,-33.39885,153.48631,-13.20103,-95.7023,-13.16763,-97.66225,-17.85779,-166.82246
9.98E+08,-32.41208,144.89929,-13.23622,-98.69793,-13.48307,-99.36695,-17.44584,-164.94176
1.00E+09,-33.61375,134.61586,-13.33208,-100.81729,-13.58629,-102.67542,-17.89908,-165.7209
1.01E+09,-32.16777,131.17159,-13.38024,-104.28088,-13.2399,-106.22526,-17.97865,-168.87357
1.02E+09,-33.05503,119.85178,-13.41242,-106.65334,-13.27459,-107.749,-17.51235,-169.79092
1.02E+09,-32.15941,115.09232,-13.5134,-109.3861,-13.56237,-110.59318,-17.14552,-168.95891
1.03E+09,-33.26791,93.80779,-13.15798,-112.19653,-13.47883,-114.27431,-17.62319,-173.85352
1.03E+09,-30.66878,100.24606,-13.3518,-114.41226,-13.40031,-117.2718,-17.03598,-173.75285
1.04E+09,-32.32557,84.53007,-13.35809,-118.65506,-13.28879,-119.01765,-17.65233,-174.33623
1.05E+09,-31.2332,84.68318,-13.5571,-120.16524,-13.49087,-121.78647,-17.29101,-176.59604
1.05E+09,-31.20314,70.56809,-12.97805,-121.89941,-13.64373,-125.23885,-17.27685,-173.73148
1.06E+09,-28.72171,66.64617,-13.24906,-126.04884,-13.48281,-125.9231,-17.60394,-176.5567
1.06E+09,-29.16808,58.6103,-13.28292,-126.90981,-13.527,-130.21375,-17.56769,-174.35095
1.07E+09,-28.9383,54.53507,-13.19171,-131.18744,-13.20419,-132.37062,-17.58325,-178.51025
1.08E+09,-28.06649,56.46515,-13.3626,-134.26228,-13.47287,-136.11256,-17.3472,-178.34378
1.08E+09,-27.91975,48.48089,-13.23513,-135.90712,-13.39693,-138.16228,-17.58071,-174.93297
1.09E+09,-27.63362,45.41949,-13.27793,-138.96422,-13.33236,-139.92834,-17.82734,-175.41231
1.09E+09,-28.49177,40.09286,-13.41392,-140.9655,-13.5755,-144.64063,-17.53724,179.53894
1.10E+09,-28.14054,37.11019,-13.30205,-144.43314,-13.58921,-146.73253,-17.30171,-179.58179
1.11E+09,-28.05414,27.81066,-13.15169,-146.47757,-13.34686,-147.97552,-17.37708,178.71722
1.11E+09,-27.97012,26.83345,-13.37628,-149.86095,-13.52075,-151.97595,-16.78675,175.31001
1.12E+09,-27.90468,16.6225,-13.31313,-152.32675,-13.49123,-154.38087,-17.96346,175.9017
1.12E+09,-25.7445,19.74683,-13.22259,-154.00832,-13.45381,-157.23064,-17.82733,174.24522
1.13E+09,-26.57052,10.48873,-13.38291,-159.13255,-13.59545,-160.25095,-17.34714,170.96953
1.14E+09,-26.05145,11.61046,-13.35059,-161.01657,-13.56388,-162.30162,-17.57797,172.98564
1.14E+09,-25.93292,12.47407,-13.19123,-163.59378,-13.35185,-165.79247,-17.72838,171.8822
1.15E+09,-26.20986,-0.00938,-13.18497,-167.57109,-13.59475,-167.83818,-17.43482,170.15556
1.15E+09,-25.37427,1.96665,-13.11322,-168.61792,-13.60891,-170.12242,-17.26819,169.94669
1.16E+09,-25.48795,-2.48894,-13.10638,-171.94774,-13.57374,-175.38795,-17.33774,167.74921
1.17E+09,-25.0861,-3.07926,-13.33946,-175.58582,-13.5562,-176.3853,-17.63189,166.77402
1.17E+09,-25.1778,-11.34813,-13.28127,-176.98697,-13.43971,-179.83572,-17.00447,168.22765
1.18E+09,-24.48935,-11.01891,-13.11154,-179.933,-13.56564,177.90843,-17.42142,166.6402
1.18E+09,-23.75707,-14.3848,-13.23002,177.38869,-13.4076,174.9198,-17.26951,163.54344
1.19E+09,-23.86482,-21.22933,-13.05504,173.27464,-13.62087,172.71129,-17.34545,165.02254
1.20E+09,-23.87842,-17.57764,-13.24608,172.7198,-13.52852,169.87953,-17.17232,164.40488
1.20E+09,-24.14332,-29.83471,-13.26104,169.77338,-13.48875,166.498,-17.03686,162.40373
1.21E+09,-24.33443,-23.71335,-13.28578,166.09126,-13.6199,163.41531,-17.05182,158.4511
1.21E+09,-23.60523,-29.21627,-13.19248,162.2157,-13.38768,160.78395,-16.88224,157.81319
1.22E+09,-23.86521,-37.72426,-13.4102,161.64172,-13.29849,157.98035,-17.02494,158.65657
1.23E+09,-23.77778,-37.94691,-13.29147,158.03392,-13.47671,155.68491,-16.93492,157.26497
1.23E+09,-23.04978,-46.27071,-13.36018,154.93694,-13.58286,154.08127,-17.49583,157.34778
1.24E+09,-22.75305,-47.33716,-13.27985,151.88753,-13.5259,150.24518,-17.70633,153.63106
1.24E+09,-22.598,-45.17857,-13.02591,148.62421,-13.29315,146.93877,-17.27554,154.58151
1.25E+09,-22.98837,-49.57791,-13.19194,144.7865,-13.37285,145.32895,-17.10134,151.10762
1.26E+09,-22.49412,-51.22477,-13.48831,144.17929,-13.47779,142.27757,-17.34527,152.84593
1.26E+09,-22.28852,-52.58272,-13.29938,140.83411,-13.46332,139.21234,-17.65766,150.94797
1.27E+09,-22.10986,-59.11096,-13.45941,138.16333,-13.49993,136.43436,-18.00159,150.44165
1.27E+09,-23.06414,-62.64318,-13.19401,134.43851,-13.48216,133.07022,-17.26834,148.42596
1.28E+09,-22.84177,-64.92191,-13.29761,131.94843,-13.44877,132.36473,-16.99717,142.85959
1.29E+09,-22.786,-69.50558,-13.18782,129.96915,-13.43168,127.71252,-17.15048,144.65471
1.29E+09,-22.60038,-66.39451,-13.43217,126.47897,-13.49314,125.2004,-17.05004,146.79308
1.30E+09,-23.03769,-72.41663,-13.39863,124.32561,-13.52868,122.60594,-17.19761,145.42641
1.30E+09,-22.71533,-73.04346,-13.40798,120.74672,-13.43565,119.95918,-16.80899,142.76291
1.31E+09,-22.87723,-77.17628,-13.24876,120.50664,-13.47464,116.37494,-17.28779,142.49313
1.32E+09,-23.40385,-85.28621,-13.45073,115.01279,-13.62019,115.78003,-17.00884,141.60233
1.32E+09,-23.04624,-81.94602,-13.33402,114.2652,-13.62319,112.12119,-16.95314,140.04744
1.33E+09,-23.65753,-84.63092,-13.45439,109.82468,-13.48024,109.21545,-16.97713,138.59018
1.33E+09,-23.68767,-89.30156,-13.23217,107.35995,-13.40962,106.13716,-17.16521,136.72328
1.34E+09,-23.51491,-92.02637,-13.35882,104.17927,-13.62593,102.1132,-17.0407,136.57457
1.35E+09,-23.41571,-95.69631,-13.35692,102.99228,-13.45594,100.30959,-17.42021,138.09567
1.35E+09,-23.83421,-96.70946,-13.3332,98.79758,-13.47532,97.13678,-17.65175,136.91869
1.36E+09,-23.52334,-98.32721,-13.31342,97.51234,-13.64664,94.73439,-17.24977,135.397
1.36E+09,-23.34679,-104.94657,-13.39387,93.61307,-13.5716,92.37257,-17.4328,136.81978
1.37E+09,-23.81885,-110.63229,-13.35925,91.00968,-13.7868,88.3563,-17.25352,135.55975
1.38E+09,-24.5081,-109.00112,-13.3644,88.66042,-13.4901,87.89102,-17.38243,131.70908
1.38E+09,-24.53171,-108.24025,-13.44791,85.83055,-13.64194,84.14983,-17.07915,128.11978
1.39E+09,-24.62124,-113.17171,-13.27187,82.94497,-13.68477,81.41124,-17.44106,128.46574
1.39E+09,-24.22314,-113.67418,-13.27252,79.44295,-13.57237,79.18247,-17.51196,127.52877
1.40E+09,-25.19863,-122.75044,-13.54897,78.09849,-13.48299,75.21982,-17.2534,128.20358
1.41E+09,-25.31165,-122.05671,-13.40074,75.48449,-13.58699,72.48846,-17.48357,126.18493
1.41E+09,-25.83822,-118.07643,-13.24064,71.14477,-13.79924,70.00652,-17.20926,124.15105
1.42E+09,-27.05731,-124.34866,-13.24837,68.8221,-13.66348,67.30022,-17.21728,122.61124
1.42E+09,-26.56283,-132.11526,-13.23835,66.71484,-13.69432,64.97289,-17.16594,124.04438
1.43E+09,-26.61718,-135.74931,-13.44694,62.34709,-13.63603,62.49457,-17.43541,124.41325
1.44E+09,-26.25829,-138.41057,-13.52982,62.24465,-13.79878,59.20293,-17.35125,122.41724
1.44E+09,-27.3385,-138.85309,-13.38916,58.34959,-13.55582,56.87743,-17.52287,122.8377
1.45E+09,-28.78405,-146.15038,-13.25162,56.0578,-13.72201,53.5324,-17.24691,120.51629
1.45E+09,-29.29574,-138.63177,-13.33648,52.11971,-13.77134,51.30992,-17.32631,116.45953
1.46E+09,-28.14057,-149.13792,-13.41494,51.91935,-13.6012,48.08183,-17.30257,120.15762
1.47E+09,-29.6391,-147.55695,-13.43115,48.68919,-13.53417,45.18945,-17.03709,117.20897
1.47E+09,-29.76018,-146.01067,-13.44991,43.72596,-13.50636,43.27861,-17.65468,115.69883
1.48E+09,-29.88391,-152.55737,-13.26253,41.55298,-13.5365,41.87539,-17.36274,116.18682
1.48E+09,-31.02578,-156.22745,-13.0244,38.70156,-13.78093,36.81663,-17.40439,113.451
1.49E+09,-33.27916,-151.69452,-13.42861,37.09335,-13.67133,33.80387,-18.09535,111.11424
1.50E+09,-32.09194,-152.97108,-13.37782,34.34634,-13.73401,33.07372,-17.10398,110.71458
1.50E+09,-33.73439,-150.24196,-13.44799,31.4438,-13.38209,28.29369,-17.78911,108.88541
1.51E+09,-38.07487,-163.30823,-13.44041,29.06581,-13.60005,26.19637,-17.35897,110.52762
1.51E+09,-39.22037,-171.89433,-13.3511,26.22327,-13.72657,24.15898,-17.87076,107.66084
1.52E+09,-35.48982,-160.85602,-13.36464,22.95736,-13.57961,21.07844,-17.39001,107.94685
1.53E+09,-41.96109,166.8363,-13.46988,20.20874,-13.88857,18.11594,-17.36703,105.94778
1.53E+09,-40.47447,-174.48859,-13.43703,18.32547,-13.6138,15.19054,-17.54662,108.15806
1.54E+09,-44.61537,-154.94675,-13.31292,15.21519,-13.66779,13.30257,-17.4389,103.82864
1.54E+09,-52.14885,-177.59474,-13.30963,12.19566,-13.57542,10.48526,-17.37606,103.09995
1.55E+09,-44.68742,-28.52367,-13.31883,9.29746,-13.5944,6.88553,-17.31099,104.93781
1.56E+09,-44.85393,28.72962,-13.5034,6.31401,-13.68604,4.26422,-16.84977,102.30964
1.56E+09,-42.76085,19.98571,-13.45265,3.36343,-13.77994,1.60862,-16.71671,100.38728
1.57E+09,-44.32119,-19.02144,-13.3492,1.77987,-13.61143,-1.93883,-16.87595,100.04003
1.57E+09,-42.2661,-14.96995,-13.32366,-1.69021,-13.83036,-3.6078,-17.02755,100.0853
1.58E+09,-37.98282,15.47912,-13.304,-4.95403,-13.77043,-7.27018,-17.84404,97.91686
1.59E+09,-35.24487,-23.31659,-13.20601,-6.68697,-13.59724,-10.02606,-17.17584,100.59186
1.59E+09,-33.83939,-24.25747,-13.50788,-10.03612,-13.66215,-11.00668,-17.34707,97.69038
1.60E+09,-32.51096,-29.01115,-13.26597,-12.71865,-13.85254,-13.92247,-16.90964,97.85054
1.60E+09,-31.96511,-25.3724,-13.1342,-15.4569,-13.69183,-16.43269,-17.19338,97.10781
1.61E+09,-32.62807,-35.72909,-13.33113,-19.30154,-13.59652,-19.58593,-17.34632,93.62388
1.62E+09,-30.30608,-28.86931,-13.41284,-21.6085,-13.88149,-22.71581,-17.30843,92.94512
1.62E+09,-29.81513,-35.52896,-13.31822,-23.06336,-13.68652,-25.72534,-17.37729,87.73535
1.63E+09,-29.91857,-33.47366,-13.39432,-27.01453,-13.58198,-27.10162,-17.09161,90.13001
1.63E+09,-28.90422,-34.78467,-13.64181,-28.37099,-13.70729,-31.62572,-17.08586,89.0157
1.64E+09,-27.76872,-43.93095,-13.38771,-31.98862,-13.72487,-34.03082,-17.10002,91.01918
1.65E+09,-27.67869,-45.76037,-13.35986,-34.41192,-13.62649,-37.83511,-17.00961,88.61274
1.65E+09,-27.74899,-45.94499,-13.24475,-37.1724,-13.6701,-39.02519,-16.77224,88.81583
1.66E+09,-27.04523,-47.96021,-13.50573,-40.22463,-13.74454,-41.08067,-17.37478,85.435
1.66E+09,-27.49132,-47.04845,-13.49671,-42.41569,-13.64057,-44.76343,-16.94654,84.434
1.67E+09,-26.58821,-47.54637,-13.40358,-45.50578,-13.74422,-46.17302,-17.36975,84.70171
1.68E+09,-26.78034,-63.75212,-13.20386,-47.60614,-13.73229,-49.56305,-17.16922,81.87022
1.68E+09,-25.73416,-58.90591,-13.53047,-50.66329,-13.63069,-53.51266,-17.03945,82.05173
1.69E+09,-26.3566,-60.13481,-13.46489,-54.3068,-13.83595,-55.14584,-17.01313,80.1823
1.69E+09,-26.34774,-69.28866,-13.39092,-56.55368,-13.68627,-59.02854,-17.29231,79.59202
1.70E+09,-24.33423,-67.30447,-13.32011,-60.03854,-13.66227,-60.24846,-16.91598,80.05209
1.71E+09,-24.61316,-74.31631,-13.2119,-63.23396,-13.56284,-64.18967,-16.79583,78.57805
1.71E+09,-24.77158,-67.31852,-13.38796,-65.27314,-13.87494,-65.27498,-16.60583,80.49707
1.72E+09,-23.91219,-79.33863,-13.36303,-67.73488,-13.7091,-68.63631,-17.20215,81.12082
1.72E+09,-23.82346,-73.10577,-13.44726,-70.30331,-13.72778,-71.40318,-16.90352,76.59216
1.73E+09,-23.6795,-80.12272,-13.44945,-73.49195,-13.91778,-73.89705,-16.94266,80.34909
1.74E+09,-23.47524,-77.74706,-13.30039,-76.29873,-13.82843,-77.7847,-16.96755,74.55638
1.74E+09,-23.20284,-83.76083,-13.47489,-78.57665,-13.72977,-80.40009,-16.93714,74.9458
1.75E+09,-23.48705,-88.5188,-13.5108,-79.93485,-13.6284,-82.64923,-17.06181,70.57642
1.75E+09,-23.48058,-88.5045,-13.42532,-84.69848,-13.88745,-86.35857,-17.6052,71.85413
1.76E+09,-23.21859,-87.44614,-13.42602,-87.60877,-13.72287,-89.80306,-16.89891,67.0748
1.77E+09,-23.3827,-92.50362,-13.47732,-91.95533,-13.76477,-92.0807,-16.89529,69.75671
1.77E+09,-23.37349,-97.21278,-13.43841,-92.90634,-13.74133,-94.27402,-16.80301,65.53192
1.78E+09,-23.58993,-90.83669,-13.38463,-96.06011,-13.81934,-97.28439,-16.55384,68.08336
1.78E+09,-24.00718,-100.74342,-13.42079,-98.77467,-13.90595,-100.49541,-16.67136,64.14057
1.79E+09,-23.46486,-103.12985,-13.55239,-101.74692,-13.81574,-102.17893,-16.30303,65.53097
1.80E+09,-23.75807,-106.45682,-13.39313,-104.86898,-13.83404,-105.0724,-16.64478,65.15698
1.80E+09,-22.80283,-107.57127,-13.65342,-105.65448,-13.8455,-108.91932,-16.93722,63.13852
1.81E+09,-23.75457,-110.91161,-13.31564,-108.96638,-13.61775,-111.01255,-16.81632,61.56855
1.81E+09,-22.90906,-116.73803,-13.56139,-113.08858,-13.63161,-112.43153,-17.32824,60.24663
1.82E+09,-22.92801,-115.79334,-13.48428,-114.25345,-13.9184,-117.24541,-16.64928,58.38641
1.82E+09,-22.35837,-120.15722,-13.3243,-116.03493,-13.74385,-119.55861,-16.72518,60.89644
1.83E+09,-23.06502,-120.55262,-13.44128,-120.4715,-13.68401,-122.4173,-16.90918,54.69951
1.84E+09,-22.98769,-126.55215,-13.44821,-123.88585,-13.79825,-124.41713,-16.82239,54.76109
1.84E+09,-24.14095,-121.15368,-13.52727,-127.1553,-14.01528,-126.92538,-16.99076,57.08971
1.85E+09,-24.28755,-127.75713,-13.34813,-129.09273,-13.8859,-128.77452,-16.53724,56.47206
1.85E+09,-24.21359,-133.51202,-13.5408,-132.36597,-13.87124,-133.46089,-16.67281,56.77029
1.86E+09,-23.79434,-130.97891,-13.51932,-134.15973,-13.76195,-135.7216,-16.84213,51.71381
1.87E+09,-24.10811,-126.67463,-13.35259,-137.93076,-13.96755,-138.81859,-16.81987,55.07079
1.87E+09,-23.87243,-136.46764,-13.38686,-140.10829,-13.92511,-140.23535,-17.07313,51.63615
1.88E+09,-23.71509,-141.00909,-13.38866,-142.80763,-14.00072,-144.00952,-16.60555,48.98761
1.88E+09,-24.09654,-137.44687,-13.38785,-145.29895,-13.96739,-146.90091,-17.17319,49.0619
1.89E+09,-24.225,-149.7076,-13.48464,-147.19792,-14.00387,-147.62733,-17.31077,48.10669
1.90E+09,-23.87486,-145.64148,-13.59016,-149.18831,-13.94896,-151.9044,-16.83775,46.69761
1.90E+09,-24.57937,-144.82695,-13.38366,-154.04289,-13.75663,-154.38202,-17.27765,42.90424
1.91E+09,-24.82617,-149.55344,-13.71351,-155.38994,-13.98268,-158.65269,-16.7084,43.98154
1.91E+09,-24.81274,-150.54843,-13.60839,-159.6568,-13.87721,-160.53304,-16.93346,42.0236
1.92E+09,-24.98534,-156.7523,-13.47408,-162.70091,-14.13504,-162.72798,-17.5383,40.19115
1.93E+09,-25.56529,-155.83714,-13.40394,-163.68729,-13.89308,-165.48636,-17.09262,42.47345
1.93E+09,-24.71956,-151.96341,-13.4723,-167.64349,-13.92839,-169.55293,-16.49914,41.73472
1.94E+09,-26.08608,-155.36243,-13.46168,-168.02916,-13.9451,-170.92471,-16.66548,40.74818
1.94E+09,-25.91498,-163.39137,-13.70043,-172.15665,-13.84224,-173.84518,-16.8263,39.73712
1.95E+09,-26.8509,-156.16971,-13.67294,-175.42763,-13.87965,-176.9594,-16.88377,39.34724
1.96E+09,-26.36409,-167.81247,-13.59086,-178.85246,-13.8077,-178.06406,-17.06351,39.01855
1.96E+09,-26.57445,-157.02559,-13.45004,178.08775,-13.99456,179.01428,-16.48074,39.45925
1.97E+09,-28.50615,-158.9754,-13.45721,177.34331,-13.98443,173.80663,-17.35436,34.68817
1.97E+09,-27.07442,-165.52065,-13.47134,174.9032,-13.93144,172.62117,-16.92141,33.4527
1.98E+09,-28.31032,-158.81172,-13.55259,172.32617,-13.83753,170.19595,-17.45396,35.10205
1.99E+09,-30.085,-164.19527,-13.62809,169.06047,-13.98253,167.29247,-17.13273,31.71249
1.99E+09,-28.58688,-165.82111,-13.50919,166.43819,-13.87736,164.18707,-16.57816,29.26601
2.00E+09,-29.83952,-171.99451,-13.74929,164.02869,-13.86547,162.40857,-17.09392,32.58174
2.00E+09,-29.99888,-166.85385,-13.55924,160.77321,-13.81868,159.68021,-16.468,31.87188
2.01E+09,-29.78319,-169.65967,-13.45922,156.71358,-13.99001,156.46625,-16.69773,28.92707
2.02E+09,-31.50866,-171.51756,-13.62584,155.92094,-14.09257,152.90411,-17.11118,30.53426
2.02E+09,-29.53923,-169.312,-13.68449,151.30055,-13.86126,150.84354,-16.7969,30.66957
2.03E+09,-31.3427,-167.44458,-13.46805,150.3291,-13.94343,147.86497,-17.01945,29.65291
2.03E+09,-29.64412,-166.76311,-13.62376,146.84833,-14.12988,146.405,-17.08956,30.29377
2.04E+09,-32.24009,-172.80379,-13.73282,144.78152,-14.01004,143.49051,-17.29633,23.6702
2.05E+09,-31.01564,-161.92354,-13.57956,140.8773,-13.75809,138.70952,-17.09118,22.57427
2.05E+09,-32.12844,-160.6441,-13.44371,139.23155,-14.01809,136.67619,-17.19793,18.80483
2.06E+09,-33.06148,-145.43887,-13.51693,135.42821,-13.9961,134.95586,-16.41567,18.20221
2.06E+09,-31.31991,-145.0161,-13.54045,132.4693,-13.9893,131.30672,-16.91827,21.80852
2.07E+09,-31.97724,-151.40869,-13.48325,130.5683,-13.88622,130.17058,-16.62941,15.97335
2.08E+09,-31.41983,-132.82437,-13.43702,127.35503,-14.00289,126.11288,-16.92581,18.048
2.08E+09,-32.22984,-131.98988,-13.5325,123.82841,-14.02839,125.81364,-16.73912,19.74434
2.09E+09,-33.13288,-141.08452,-13.35478,120.71902,-14.07042,120.6388,-16.79097,17.96466
2.09E+09,-33.54053,-133.96513,-13.52663,118.7851,-13.87969,117.56362,-16.4959,19.33892
2.10E+09,-32.97819,-121.58144,-13.41536,117.35817,-14.0347,113.72926,-16.75305,17.03697
2.11E+09,-30.66504,-128.00578,-13.44724,114.77965,-14.03997,113.43821,-17.19546,16.41278
2.11E+09,-31.53037,-125.7001,-13.63365,111.14579,-13.81009,109.3348,-17.32348,13.8461
2.12E+09,-30.08841,-125.2356,-13.3591,107.3996,-13.87576,108.27773,-16.81332,13.10626
2.12E+09,-31.35919,-123.05363,-13.6582,105.40238,-14.01843,104.69814,-17.32668,14.64955
2.13E+09,-31.32468,-117.28703,-13.7235,102.32947,-13.94704,102.59048,-17.50718,10.37111
2.14E+09,-27.92683,-130.93207,-13.6077,99.61231,-13.95557,98.59296,-17.58884,6.74057
2.14E+09,-28.35289,-130.99609,-13.6402,97.55594,-13.87144,96.42938,-17.08633,8.88339
2.15E+09,-27.02638,-129.93945,-13.63148,93.89086,-14.08659,92.44115,-16.504,7.65172
2.15E+09,-27.41937,-134.94087,-13.44346,91.89708,-13.831,91.22315,-16.56089,8.25442
2.16E+09,-27.39742,-124.14175,-13.50302,88.38488,-14.01401,86.94549,-16.91258,4.46162
2.17E+09,-26.8389,-126.93535,-13.46219,87.18015,-14.06486,85.48717,-16.99581,6.17637
2.17E+09,-26.15033,-130.25467,-13.55754,82.67725,-14.02751,81.57953,-16.92658,3.22357
2.18E+09,-27.63122,-121.10201,-13.59716,80.20971,-13.84471,77.57162,-17.0119,2.1328
2.18E+09,-25.30742,-129.75845,-13.42881,76.85694,-14.27468,75.80323,-16.6122,3.31153
2.19E+09,-25.74681,-127.70586,-13.45555,74.2188,-13.98427,72.62889,-17.02525,-1.66387
2.20E+09,-24.89386,-129.61531,-13.43955,71.80448,-14.00721,71.08796,-17.276,4.3415
2.20E+09,-25.44442,-132.68309,-13.54077,69.08989,-13.98933,67.48341,-16.3077,-2.00039
2.21E+09,-24.71461,-132.68654,-13.68066,67.63197,-14.10932,66.64507,-16.84362,-3.29016
2.21E+09,-24.8956,-135.9269,-13.55729,64.02684,-13.84201,62.6193,-16.63533,-7.36275
2.22E+09,-24.78569,-140.10919,-13.50137,60.48719,-14.06289,61.43507,-16.91944,-3.53104
2.23E+09,-24.93148,-142.63632,-13.35826,58.06199,-14.05302,56.95196,-16.53482,-3.88144
2.23E+09,-24.04912,-145.06352,-13.53468,54.80166,-14.03309,54.83367,-16.31715,-2.77943
2.24E+09,-24.5636,-147.55171,-13.75577,52.85889,-13.89533,51.78899,-16.95814,-3.39008
2.24E+09,-24.10393,-144.84811,-13.56233,49.633,-14.1983,49.19652,-16.94503,-6.79412
2.25E+09,-23.28103,-151.6461,-13.49053,47.00578,-13.83621,45.86013,-17.16867,-8.71021
2.26E+09,-23.86515,-148.91977,-13.76933,44.33118,-13.99803,44.16908,-16.94055,-10.90071
2.26E+09,-22.59095,-155.33963,-13.87036,41.49809,-14.18761,41.50706,-17.29325,-7.59453
2.27E+09,-22.73569,-156.62646,-13.55452,38.91486,-14.18857,38.20173,-17.10638,-12.46224
2.27E+09,-22.63871,-160.06317,-13.46872,36.75858,-14.23468,35.22879,-16.46544,-12.79226
2.28E+09,-22.69952,-157.98759,-13.57338,31.65701,-14.07473,31.74302,-17.10196,-14.43564
2.29E+09,-22.66791,-158.66109,-13.69551,31.46653,-14.06671,30.09548,-16.86388,-14.54442
2.29E+09,-22.74023,-162.5761,-13.50248,27.96731,-14.01664,26.16717,-16.35626,-18.03548
2.30E+09,-22.96718,-163.67935,-13.55153,26.07334,-14.02736,24.603,-16.70299,-16.35763
2.30E+09,-23.25289,-163.29514,-13.67507,22.24567,-13.89808,22.78184,-16.56707,-16.35654
2.31E+09,-23.02211,-169.02585,-13.58815,18.64962,-14.14808,18.44323,-16.97947,-13.74716
2.32E+09,-23.09326,-170.23192,-13.70145,16.31726,-14.05604,14.87326,-16.59453,-14.89441
2.32E+09,-22.65484,-173.38187,-13.71511,12.66225,-13.78931,13.31964,-16.59501,-17.15265
2.33E+09,-23.03635,-176.28932,-13.5948,11.42473,-14.04556,10.15032,-16.43982,-20.44396
2.33E+09,-23.14307,177.61613,-13.77792,9.31323,-14.07381,7.8298,-17.08778,-22.58657
2.34E+09,-22.92815,178.71643,-13.62373,6.33583,-14.27966,5.65714,-16.78532,-22.29975
2.35E+09,-23.01868,-178.55217,-13.80856,4.7536,-14.0535,1.31277,-16.9439,-22.13826
2.35E+09,-22.22364,172.81158,-13.79158,0.30751,-14.12468,-0.59103,-16.73695,-27.26844
2.36E+09,-22.527,172.01727,-13.574,-1.94253,-14.20847,-4.37339,-16.86132,-26.44863
2.36E+09,-22.14134,168.18765,-13.74465,-3.92539,-14.20841,-4.82667,-16.76424,-27.18298
2.37E+09,-22.65173,175.09418,-13.69121,-8.12517,-14.01587,-8.03839,-16.69247,-30.55489
2.38E+09,-22.78612,162.81992,-13.74119,-11.01023,-14.34538,-11.59265,-16.423,-25.87939
2.38E+09,-22.72763,172.70006,-13.58579,-12.81068,-14.19129,-14.73078,-16.47239,-27.16839
2.39E+09,-23.08224,167.1362,-13.87198,-16.14786,-14.06403,-16.7994,-16.70384,-28.02127
2.39E+09,-22.41197,169.05486,-13.76105,-17.76001,-14.1919,-19.60349,-17.19243,-30.25202
2.40E+09,-23.24514,167.68483,-13.80785,-21.40272,-14.23604,-19.81247,-17.02383,-31.68979
2.41E+09,-23.07113,167.02171,-13.6491,-23.58857,-14.12614,-24.88755,-16.59375,-34.94286
2.41E+09,-23.25073,160.90872,-13.75631,-26.36094,-14.37758,-26.1365,-17.07315,-34.58063
2.42E+09,-23.75794,161.30649,-13.62983,-28.65111,-14.01049,-31.9412,-17.11155,-37.25144
2.42E+09,-24.25719,154.54884,-13.76413,-32.54451,-14.08379,-31.71789,-17.03845,-39.88734
2.43E+09,-24.49513,156.32666,-13.76253,-33.31472,-14.17449,-35.48718,-16.45055,-40.96549
2.44E+09,-24.44297,153.59451,-13.72984,-36.70898,-14.27906,-37.12413,-16.63238,-42.98506
2.44E+09,-24.91078,148.63148,-13.70665,-40.52359,-13.9917,-41.7394,-16.26354,-39.49717
2.45E+09,-23.93881,145.09727,-13.99393,-43.34447,-14.08813,-42.84365,-15.87063,-44.02646
2.45E+09,-24.52023,144.92943,-13.82029,-46.06834,-14.0908,-46.94392,-16.29993,-40.59217
2.46E+09,-24.60267,142.9631,-13.91981,-49.42416,-14.03812,-50.09821,-16.25597,-40.85782
2.47E+09,-24.77971,146.54309,-13.69202,-51.7084,-14.19391,-50.81466,-17.07133,-42.5192
2.47E+09,-25.23891,139.96016,-13.68852,-54.17926,-14.50629,-54.5736,-17.02639,-41.62846
2.48E+09,-24.90816,137.75049,-13.72631,-57.08074,-14.10015,-57.08637,-17.01419,-43.4498
2.48E+09,-24.78609,135.79637,-13.74872,-59.29394,-14.2945,-59.15938,-17.26403,-46.3529
2.49E+09,-25.60234,143.92192,-13.57074,-61.01371,-14.22535,-63.7685,-17.09985,-48.19907
2.50E+09,-25.5436,143.90884,-13.85321,-65.9788,-14.15609,-65.03439,-16.46199,-51.81963
2.50E+09,-25.85398,140.1897,-13.6704,-67.15905,-13.92596,-67.57214,-16.6365,-51.00817
2.51E+09,-26.40847,144.37086,-13.67011,-70.6022,-14.08805,-70.84592,-16.57095,-53.39766
2.51E+09,-27.66541,142.87563,-13.75644,-73.08655,-14.24786,-74.59095,-16.77603,-51.36794
2.52E+09,-28.21569,142.6322,-13.76807,-76.19122,-14.4907,-77.75141,-15.95341,-50.2838
2.53E+09,-28.18854,145.86891,-13.84344,-79.37908,-14.51351,-79.35987,-16.77895,-54.36647
2.53E+09,-27.91142,144.4577,-14.05136,-82.80769,-14.27458,-82.68301,-16.2264,-54.85508
2.54E+09,-29.72377,140.42546,-13.83969,-82.92183,-14.07164,-85.15248,-16.55355,-56.30376
2.54E+09,-30.10957,144.05998,-14.00351,-86.45843,-14.2509,-86.89052,-17.03566,-55.28445
2.55E+09,-30.66466,150.62323,-13.6877,-90.98136,-14.13998,-91.07487,-17.2435,-52.90284
2.56E+09,-32.02487,144.29437,-13.82437,-93.04517,-14.06502,-92.61522,-17.02822,-56.59668
2.56E+09,-32.13894,122.53129,-13.76751,-94.21993,-13.83996,-94.53071,-17.17726,-60.33793
2.57E+09,-30.06402,144.10611,-13.9426,-98.83814,-14.24925,-98.73006,-16.89862,-65.93071
2.57E+09,-30.40035,151.24129,-13.80545,-101.70381,-14.02632,-102.53564,-17.11033,-65.81987
2.58E+09,-29.82198,153.24194,-13.90012,-103.63285,-14.41483,-104.61301,-15.97129,-64.06256
2.59E+09,-29.7775,166.14835,-14.02065,-106.86618,-14.3049,-108.39964,-16.31926,-66.16837
2.59E+09,-30.298,159.91217,-13.61066,-110.14249,-14.31657,-109.69144,-16.28452,-65.84113
2.60E+09,-29.9067,153.24666,-13.73398,-111.97804,-14.0985,-110.93998,-16.29647,-65.7481
2.60E+09,-27.41956,171.6498,-13.5894,-112.98701,-14.40309,-113.83879,-16.2527,-65.49576
2.61E+09,-29.73973,165.57491,-13.90889,-116.87466,-14.30684,-118.37347,-16.74894,-63.84694
2.62E+09,-30.1473,179.00601,-13.92012,-122.46262,-14.22392,-120.65736,-16.34705,-62.91907
2.62E+09,-29.36665,177.68777,-13.73342,-123.56019,-14.26729,-124.15669,-17.33502,-69.58871
2.63E+09,-29.52657,-168.96706,-13.92179,-124.82635,-14.23707,-125.98818,-16.84368,-69.03769
2.63E+09,-30.56287,-174.55721,-13.69331,-127.93898,-14.1914,-127.21818,-16.43622,-70.09785
2.64E+09,-26.81652,-173.52374,-14.06067,-130.6734,-14.02658,-131.80345,-16.67851,-71.81851
2.65E+09,-27.88887,-167.71117,-13.67727,-134.7226,-14.17123,-135.38078,-16.08119,-72.57867
2.65E+09,-26.53976,-173.20918,-13.90514,-137.12816,-14.25604,-137.68234,-16.68672,-71.73227
2.66E+09,-26.40837,-176.09889,-13.70161,-137.78658,-14.44224,-140.96698,-16.73827,-73.78381
2.66E+09,-26.34671,-178.27217,-13.77243,-144.36493,-14.32695,-143.5475,-16.12341,-74.1954
2.67E+09,-25.68813,-176.80786,-13.80697,-145.28156,-14.21934,-145.17937,-16.11078,-75.60886
2.68E+09,-25.30084,174.85664,-13.94225,-147.74696,-14.23616,-149.56441,-16.79191,-74.64227
2.68E+09,-23.94501,175.19943,-13.92329,-148.8701,-14.23391,-151.34367,-15.9723,-75.52569
2.69E+09,-23.93631,173.63855,-13.69518,-152.47514,-14.2846,-153.61794,-16.84142,-78.9246
2.69E+09,-23.4461,176.03934,-13.86916,-155.56143,-14.23075,-157.21585,-16.68,-78.97634
2.70E+09,-23.9107,169.41951,-13.90385,-158.5135,-14.02835,-161.68475,-16.58052,-76.85036
2.71E+09,-23.66342,168.4062,-13.91015,-159.76939,-14.2467,-163.15672,-16.15296,-80.16843
2.71E+09,-22.33714,164.79524,-13.76968,-164.07178,-14.57896,-165.32512,-16.06781,-85.38895
2.72E+09,-22.47125,165.61182,-13.87579,-166.18234,-14.59471,-167.77902,-16.37012,-82.98115
2.72E+09,-22.43815,168.81693,-14.07945,-170.48878,-14.39908,-173.54515,-16.38131,-84.83995
2.73E+09,-22.76025,165.33969,-14.06571,-172.80573,-14.22185,-172.965,-16.03734,-84.75279
2.74E+09,-22.51238,162.33403,-13.91114,-174.85393,-14.3232,-175.46295,-16.13623,-84.34106
2.74E+09,-22.92123,164.84851,-13.97135,-179.10204,-14.46123,179.24638,-16.01235,-82.98194
2.75E+09,-22.25429,164.90076,-14.06162,179.24841,-14.43315,178.2204,-16.35111,-82.44273
2.75E+09,-22.2377,163.10487,-14.04522,176.56953,-14.50983,176.76001,-16.11253,-84.58388
2.76E+09,-21.61266,159.31259,-13.84306,173.7851,-14.33978,173.72284,-16.52843,-86.64887
2.77E+09,-21.33519,158.74059,-14.21023,171.32782,-14.30073,170.42001,-16.47767,-86.6395
2.77E+09,-21.61459,148.32365,-14.00415,168.98579,-14.32732,167.64491,-16.36269,-88.96104
2.78E+09,-21.36105,150.72894,-13.95526,166.60101,-14.26045,164.086,-16.29442,-90.04132
2.78E+09,-20.49083,148.06879,-13.8929,162.29721,-14.76591,161.50972,-16.54485,-93.75566
2.79E+09,-21.57787,146.39372,-13.7935,160.79773,-14.54254,160.76004,-16.89311,-94.4935
2.80E+09,-20.53954,147.4335,-14.06971,158.00534,-14.39562,156.47702,-16.3315,-96.39335
2.80E+09,-20.04021,140.87141,-14.01319,153.63995,-14.38903,154.01852,-15.91498,-96.28394
2.81E+09,-20.28487,144.67328,-13.96542,152.31682,-14.26857,151.27972,-16.04684,-95.27983
2.81E+09,-20.64181,139.31049,-14.03175,147.26683,-14.15277,148.03802,-15.70683,-96.34323
2.82E+09,-20.1072,135.32945,-14.07907,146.203,-14.31404,144.26947,-15.88812,-94.06205
2.83E+09,-20.27573,136.62291,-14.26139,144.64607,-14.63664,143.09012,-15.90828,-100.05148
2.83E+09,-20.14869,135.99519,-13.99047,141.12401,-14.58518,140.33914,-16.36884,-98.41384
2.84E+09,-20.49201,131.35205,-14.08447,137.7083,-14.43982,137.40398,-16.07299,-96.80386
2.84E+09,-20.37674,132.47388,-14.1398,135.84851,-14.23654,134.34866,-16.21949,-102.17036
2.85E+09,-20.21005,131.92509,-13.90805,133.28627,-14.25683,133.62315,-16.07214,-99.74623
2.86E+09,-20.35568,129.86285,-13.97223,129.65459,-14.33711,130.56912,-15.79495,-105.49049
2.86E+09,-20.13862,124.69379,-13.99059,127.62371,-14.53047,128.06973,-16.05092,-103.45757
2.87E+09,-19.87762,125.03754,-13.93,125.3209,-14.55523,123.95839,-15.77581,-105.00261
2.87E+09,-20.46077,120.07026,-13.79317,121.60426,-14.67172,120.12495,-15.7132,-108.21993
2.88E+09,-20.11354,117.81084,-14.03923,118.58781,-14.64785,116.70292,-15.88383,-106.48235
2.89E+09,-19.86248,118.83173,-14.12597,116.97276,-14.49477,115.75272,-15.42949,-107.08322
2.89E+09,-20.97273,111.32164,-13.96354,113.35616,-14.49263,113.9533,-16.50197,-107.25781
2.90E+09,-20.28299,111.07111,-13.82151,110.03026,-14.67293,110.65344,-16.31897,-106.90999
2.90E+09,-19.8635,111.21352,-14.06728,107.80121,-14.55233,108.22544,-15.58905,-108.60839
2.91E+09,-20.29763,107.73478,-14.05167,105.68799,-14.49566,105.69319,-16.22048,-112.1225
2.92E+09,-20.07296,104.53188,-14.11562,102.64916,-14.43983,102.17036,-15.97468,-112.40186
2.92E+09,-20.05643,104.23721,-14.08996,100.46393,-14.60354,100.74211,-16.63213,-113.80904
2.93E+09,-19.90308,98.98365,-13.78254,97.07074,-14.49274,97.7265,-16.27633,-116.79436
2.93E+09,-20.10031,101.45504,-14.02488,94.49352,-14.44228,93.2998,-15.84266,-118.47306
2.94E+09,-21.40273,94.53877,-14.19546,90.85875,-14.38371,88.89117,-16.38346,-117.91803
2.95E+09,-21.35668,92.70859,-13.86754,90.32498,-14.49419,88.64424,-15.92623,-116.94042
2.95E+09,-21.39287,93.59091,-13.8951,87.17623,-14.60416,83.27177,-15.73661,-118.76739
2.96E+09,-21.29282,93.54916,-14.15864,83.36756,-14.4661,83.35691,-16.46779,-116.12805
2.96E+09,-21.89311,89.26897,-13.85318,81.69408,-14.80013,78.45488,-16.01174,-118.14507
2.97E+09,-21.89605,87.61561,-14.1995,79.0564,-14.5404,77.48423,-15.72635,-118.27286
2.98E+09,-22.31535,83.90899,-13.91088,75.17913,-14.48503,74.38899,-15.55892,-118.38716
2.98E+09,-21.36589,86.50704,-13.96323,73.46053,-14.37062,71.33099,-16.04366,-123.32299
2.99E+09,-22.46348,79.4497,-13.93279,70.77796,-14.55776,70.32351,-16.40868,-121.32695
2.99E+09,-22.90715,78.69666,-14.06431,67.68317,-14.32585,65.10943,-16.63032,-123.23267
3.00E+09,-22.54389,73.48933,-14.15215,64.00342,-14.47236,64.0917,-16.46847,-124.05463
3.01E+09,-23.62131,74.07972,-14.11337,62.4207,-14.79483,60.95542,-16.00437,-125.9984
3.01E+09,-23.31988,73.55274,-13.85162,58.40011,-14.53723,58.49347,-16.74311,-126.77983
3.02E+09,-23.21886,71.9412,-13.86399,55.35524,-14.56961,54.7135,-15.91241,-129.1026
3.02E+09,-23.89717,64.20976,-13.92849,52.48929,-14.47977,51.69216,-16.37737,-130.21992
3.03E+09,-23.99943,74.62113,-13.9799,51.22492,-14.33116,51.11369,-16.58475,-130.33446
3.03E+09,-24.98554,69.93028,-14.14185,48.19313,-14.90636,46.14619,-16.49489,-132.68225
3.04E+09,-25.39253,71.60843,-14.17806,45.83293,-14.61708,44.2696,-15.73479,-134.42595
3.05E+09,-25.70288,70.71635,-14.1836,42.35867,-14.47353,41.66091,-16.53539,-132.37033
3.05E+09,-25.96114,67.99088,-14.11315,40.21904,-14.64458,36.96102,-16.06848,-134.42514
3.06E+09,-26.2244,73.17134,-13.95904,36.79269,-14.66162,36.69353,-16.27099,-137.25214
3.06E+09,-27.66301,68.646,-14.00465,33.16238,-14.4679,34.92481,-16.2923,-138.77502
3.07E+09,-28.66448,63.34774,-14.19291,31.36119,-14.32117,31.21535,-16.2541,-136.84468
3.08E+09,-28.66158,61.98298,-14.13643,27.84035,-14.76845,28.12133,-16.39134,-138.24643
3.08E+09,-29.00131,66.59212,-14.05019,25.87659,-14.5738,24.64379,-16.11397,-140.68918
3.09E+09,-29.28364,72.08893,-14.08033,21.63289,-14.7441,22.71901,-16.57958,-140.53366
3.09E+09,-29.622,61.48842,-13.99776,20.16988,-14.35788,18.36189,-16.61956,-140.06715
3.10E+09,-30.89725,79.75912,-14.03272,17.26336,-14.92729,17.25334,-16.38592,-142.75511
3.11E+09,-31.69002,75.00395,-14.2381,13.33293,-14.74571,14.29936,-16.29849,-140.69386
3.11E+09,-31.20873,76.79515,-14.3232,10.55125,-14.5439,12.27835,-16.62708,-143.04645
3.12E+09,-30.8026,83.14812,-14.08461,9.25707,-14.78458,8.45489,-16.87857,-145.67236
3.12E+09,-32.78882,98.3133,-14.14271,5.82801,-14.60269,4.96997,-16.54085,-147.73006
3.13E+09,-32.41761,92.1141,-14.4815,4.45969,-14.55188,2.98705,-16.79148,-147.52934
3.14E+09,-35.03648,104.45055,-14.20925,2.10078,-14.803,-0.54573,-16.54717,-149.42615
3.14E+09,-31.0858,105.58849,-13.92161,-0.20932,-14.63636,-2.59511,-16.18936,-150.81323
3.15E+09,-33.18148,123.85927,-14.2196,-4.91293,-14.64324,-3.87657,-16.33576,-147.68587
3.15E+09,-31.9788,111.78854,-14.15396,-6.46748,-14.93568,-6.72204,-17.11024,-151.09677
3.16E+09,-30.58664,126.74218,-14.35519,-10.67159,-14.67747,-9.84672,-15.67427,-152.21873
3.17E+09,-30.06275,133.70679,-14.15376,-13.1914,-14.52048,-12.2349,-16.74932,-151.17743
3.17E+09,-27.44475,131.62469,-14.1405,-15.70292,-14.88462,-16.58306,-16.12565,-152.53329
3.18E+09,-28.24358,125.51308,-14.23393,-20.10002,-14.81926,-20.39436,-16.66703,-150.71423
3.18E+09,-27.98116,133.72491,-14.25241,-22.29612,-14.63608,-21.40537,-16.79788,-154.42526
3.19E+09,-27.48709,133.64993,-13.99668,-22.95363,-14.55828,-24.30418,-16.87959,-156.62894
3.20E+09,-26.83526,127.11661,-14.36314,-26.95267,-14.58171,-29.06012,-16.94601,-158.82253
3.20E+09,-27.90482,123.05592,-14.26734,-28.95358,-14.92501,-30.39364,-16.98876,-159.34344
3.21E+09,-25.29406,128.84697,-14.46078,-30.85453,-14.63873,-32.19505,-16.77871,-158.70462
3.21E+09,-25.42102,128.92746,-14.28329,-34.86605,-14.90002,-33.95123,-16.28299,-160.7973
3.22E+09,-25.72958,128.18254,-14.32033,-37.94833,-14.73632,-38.28134,-16.44543,-162.80785
3.23E+09,-24.6767,122.22804,-13.9922,-39.63789,-14.69347,-40.66615,-16.82263,-162.82121
3.23E+09,-23.8536,130.2894,-14.14779,-43.81736,-14.80257,-43.57838,-16.69709,-162.7135
3.24E+09,-23.90251,123.94027,-14.23318,-46.45313,-14.71545,-47.60779,-16.64271,-164.31378
3.24E+09,-22.56282,120.75861,-14.17131,-50.42681,-14.86523,-48.65464,-17.17133,-162.89314
3.25E+09,-22.31928,117.26902,-14.20421,-52.15182,-15.05581,-50.4453,-16.69866,-163.94414
3.26E+09,-22.28644,118.97056,-14.27771,-51.75429,-14.55355,-54.43253,-16.84297,-168.56256
3.26E+09,-21.69178,120.83322,-14.41634,-57.66475,-14.98517,-55.8121,-17.37294,-165.66475
3.27E+09,-22.14657,114.10131,-14.30385,-60.16249,-14.92245,-60.78775,-16.85757,-167.59804
3.27E+09,-21.08734,110.81169,-14.2552,-62.29583,-14.48263,-61.17926,-16.99346,-169.48746
3.28E+09,-21.27988,111.2677,-14.29355,-64.927,-14.8753,-64.78129,-16.63084,-169.56998
3.29E+09,-21.26291,107.34792,-14.18779,-68.04479,-14.39925,-67.75018,-17.20801,-172.89894
3.29E+09,-21.31621,108.39716,-14.24386,-70.13911,-14.6816,-70.97411,-16.85175,-174.38622
3.30E+09,-20.88072,104.39983,-14.21162,-72.57423,-14.72675,-73.91648,-17.07376,-175.05951
3.30E+09,-20.52825,104.51304,-14.41497,-75.43848,-14.7114,-76.47774,-16.78327,-174.25801
3.31E+09,-20.29191,101.97917,-14.14836,-77.76299,-14.83489,-78.26635,-16.63145,-176.76573
3.32E+09,-19.84583,97.01748,-14.37826,-81.42502,-14.9034,-80.54761,-16.78067,-174.65985
3.32E+09,-20.5859,96.27867,-14.37947,-84.56096,-14.90259,-85.26534,-16.40613,-175.84894
3.33E+09,-19.31319,93.64842,-14.24741,-87.42579,-14.89065,-89.21564,-17.23842,179.76358
3.33E+09,-19.78957,91.06501,-14.39695,-89.05109,-14.90649,-88.68519,-16.7443,-179.46962
3.34E+09,-18.72917,89.50216,-14.6541,-92.37909,-14.62087,-91.0474,-17.05925,178.15924
3.35E+09,-19.12121,86.98335,-14.54362,-94.52192,-14.89399,-94.82808,-17.6802,179.94992
3.35E+09,-19.55593,86.91113,-14.47199,-97.19007,-14.7563,-97.66336,-17.06935,177.7812
3.36E+09,-18.46786,82.53867,-14.37314,-100.46666,-15.0317,-99.56815,-17.46106,175.82878
3.36E+09,-18.45762,80.6516,-14.30722,-103.33958,-14.8607,-103.85537,-16.7882,172.76053
3.37E+09,-18.629,79.86856,-14.43441,-104.83443,-14.69354,-106.08953,-16.55726,172.30316
3.38E+09,-18.85034,74.74978,-14.54246,-108.0673,-14.81794,-106.7039,-16.55312,170.46913
3.38E+09,-18.60113,76.17581,-14.16212,-111.51682,-14.91146,-110.41329,-16.92332,169.44576
3.39E+09,-18.93075,73.6946,-14.23487,-114.7517,-14.84184,-112.74056,-16.58045,170.13535
3.39E+09,-18.9817,72.20447,-14.5918,-117.10699,-15.23586,-116.62717,-17.04133,168.31255
3.40E+09,-18.91125,68.92944,-14.14506,-120.79856,-14.76961,-119.70477,-17.38849,170.44836
3.41E+09,-18.45601,65.85172,-14.2502,-121.48202,-14.89146,-121.65736,-16.89498,164.86618
3.41E+09,-18.70136,61.603,-14.35543,-122.37038,-14.79024,-125.01804,-17.19585,163.97118
3.42E+09,-18.7697,56.52687,-14.33852,-126.56161,-14.75001,-127.84635,-17.37082,166.39635
3.42E+09,-18.51455,57.39121,-14.38207,-130.6825,-15.10661,-130.89386,-17.17885,159.75914
3.43E+09,-18.48718,53.55746,-14.47334,-132.91725,-14.90377,-132.54559,-17.01339,159.22937
3.44E+09,-18.74443,52.21189,-14.45332,-134.13782,-15.12037,-135.97017,-16.96285,157.13383
3.44E+09,-18.32072,51.64508,-14.51405,-139.86281,-14.86688,-139.07095,-17.13127,157.76489
3.45E+09,-18.8266,45.84003,-14.30185,-141.17317,-15.0772,-141.60263,-16.47575,156.66971
3.45E+09,-18.4966,48.43859,-14.48733,-143.82355,-14.94657,-144.06239,-16.93645,156.6916
3.46E+09,-18.3163,44.42264,-14.48897,-146.62234,-15.17772,-145.57231,-16.62403,154.60477
3.47E+09,-18.85103,41.39983,-14.53416,-149.32611,-14.9203,-149.84079,-16.78091,156.26662
3.47E+09,-19.0651,40.09536,-14.46156,-151.88715,-14.93824,-151.13327,-16.67069,153.70634
3.48E+09,-19.1529,39.57781,-14.28358,-154.91075,-14.7479,-154.48192,-17.15684,154.25896
3.48E+09,-18.87783,35.55288,-14.29996,-157.15239,-14.88413,-157.32382,-16.84961,152.8416
3.49E+09,-19.35406,30.55682,-14.55353,-159.57227,-14.76231,-160.75618,-17.43639,149.47462
3.50E+09,-19.08905,31.79862,-14.41569,-162.96022,-14.85972,-162.93147,-17.084,146.94846
3.50E+09,-19.15589,26.36442,-14.50929,-166.68793,-14.58902,-164.92993,-17.24461,146.07622
3.51E+09,-19.12998,25.46702,-14.48978,-169.48265,-14.89785,-168.93813,-17.24602,146.69673
3.51E+09,-19.46394,21.1049,-14.5427,-170.4816,-14.88973,-170.71722,-16.67966,143.15997
3.52E+09,-19.77843,20.44444,-14.51276,-174.8351,-14.92783,-174.21867,-16.70792,142.5379
3.53E+09,-19.78839,20.37091,-14.13461,-174.41771,-14.89764,-176.36656,-16.82543,145.71768
3.53E+09,-19.90832,18.01094,-14.48892,-179.103,-14.96775,-178.10179,-17.06798,145.27809
3.54E+09,-20.25728,10.6798,-14.5778,177.32841,-14.96241,175.55493,-16.71613,139.66118
3.54E+09,-20.48469,10.85975,-14.62621,174.96773,-14.8745,175.38878,-17.06983,140.30743
3.55E+09,-20.0218,3.52964,-14.55217,173.32765,-15.08202,172.15909,-16.8005,137.49283
3.56E+09,-20.38112,4.55683,-14.44521,169.78552,-14.89723,169.9453,-17.08425,135.19611
3.56E+09,-20.67957,4.77261,-14.65117,166.86928,-15.05322,166.27197,-17.24389,133.19835
3.57E+09,-21.32519,1.17398,-14.67315,164.61409,-15.00409,165.69815,-16.6583,129.39937
3.57E+09,-21.74252,2.17407,-14.4809,160.5135,-15.04626,161.26888,-16.98259,129.91536
3.58E+09,-21.61129,-4.7597,-14.3758,158.61618,-15.03936,157.51744,-16.73942,132.06758
3.59E+09,-21.7841,-5.55704,-14.39053,155.59239,-14.9048,156.31712,-16.36322,131.02382
3.59E+09,-21.87963,-3.19276,-14.38429,153.67299,-15.36567,152.11694,-16.43676,126.95397
3.60E+09,-22.82154,-8.2284,-14.43394,149.90108,-14.95513,148.38342,-16.31288,127.58842
3.60E+09,-22.63513,-16.13233,-14.48306,148.11682,-15.11432,148.03854,-16.47022,126.30093
3.61E+09,-23.27209,-13.25799,-14.59196,144.87628,-14.93439,143.94147,-16.84594,126.57494
3.62E+09,-23.80926,-13.49449,-14.90532,142.2085,-14.75639,141.80324,-17.21696,125.92353
3.62E+09,-23.57099,-19.34218,-14.26799,138.90515,-14.81258,141.25342,-17.06331,125.952
3.63E+09,-25.22151,-25.76024,-14.53181,136.53625,-14.74335,137.28683,-17.44847,125.3021
3.63E+09,-24.84573,-28.31058,-14.62299,134.74112,-14.87621,134.15198,-16.72299,120.15811
3.64E+09,-26.1612,-27.94361,-14.37653,129.60205,-15.01153,130.53624,-16.67501,120.53356
3.65E+09,-26.09344,-22.46557,-14.5552,127.39337,-14.96052,127.31018,-16.9935,117.29895
3.65E+09,-26.81662,-28.59425,-14.48574,127.51664,-15.11427,124.30598,-17.08326,115.73384
3.66E+09,-26.29941,-30.27378,-14.54709,123.64703,-14.91428,121.19415,-16.81452,118.98039
3.66E+09,-27.55635,-31.7817,-14.33493,119.35098,-14.97733,119.79517,-16.62499,114.16859
3.67E+09,-28.18709,-33.52567,-14.47672,117.91264,-15.21203,117.60287,-16.6336,112.11471
3.68E+09,-29.181,-33.06868,-14.57132,115.80348,-14.71394,114.95807,-16.78502,114.03508
3.68E+09,-30.17889,-33.85384,-14.35695,112.84318,-15.07064,111.99283,-16.8335,113.21925
3.69E+09,-32.76895,-25.22964,-14.77657,109.63641,-14.9884,110.82815,-16.83668,112.32938
3.69E+09,-33.2001,-28.09332,-14.60221,106.55839,-14.98572,106.0264,-16.51915,108.85516
3.70E+09,-34.60155,-33.98813,-14.3998,102.92471,-15.13376,104.94994,-16.60247,110.4409
3.71E+09,-37.02319,-32.09567,-14.68574,101.43183,-14.96471,101.44296,-16.52177,105.91696
3.71E+09,-37.862,-19.0593,-14.57235,99.16286,-15.15237,96.99866,-16.45987,105.15735
3.72E+09,-38.92926,0.86896,-14.71562,95.54524,-14.94421,95.67358,-16.8807,105.9224
3.72E+09,-43.40994,17.78576,-14.41206,91.7963,-15.17918,92.62821,-16.28752,103.93451
3.73E+09,-53.661,30.90302,-14.87068,91.17976,-15.21604,88.07046,-16.54493,104.88091
3.74E+09,-40.94724,35.03019,-14.6705,88.25435,-14.96321,86.21259,-16.21879,100.88331
3.74E+09,-38.0592,101.52748,-14.77423,84.9846,-14.96624,83.6513,-16.3822,104.79816
3.75E+09,-35.80193,93.24548,-14.76027,83.26217,-15.20217,81.54645,-16.16248,99.44509
3.75E+09,-34.44455,80.13554,-14.5694,79.01977,-15.13254,79.6933,-15.98665,99.38761
3.76E+09,-35.10654,74.22735,-14.60309,77.42087,-15.13799,75.38129,-16.65044,97.11396
3.77E+09,-33.98886,68.1846,-14.42665,73.98366,-15.02187,73.07981,-16.39832,96.91487
3.77E+09,-31.41207,74.11621,-14.51359,70.69944,-15.09975,70.82784,-16.98323,95.43089
3.78E+09,-30.93855,78.20225,-14.54812,69.07865,-15.07785,66.76776,-16.64778,95.46585
3.78E+09,-30.19993,74.94434,-14.65707,65.06187,-14.98178,65.73069,-16.45734,92.19128
3.79E+09,-28.48928,76.16889,-14.67813,63.97604,-15.54282,62.04017,-16.11313,90.76167
3.80E+09,-27.49811,68.03755,-14.69304,61.73547,-15.15861,60.32767,-16.05981,89.08849
3.80E+09,-26.85096,78.17189,-14.7582,56.65661,-15.38346,57.99547,-15.74457,89.10557
3.81E+09,-27.33853,69.32837,-14.59584,54.94815,-15.13985,55.02518,-16.13297,87.49593
3.81E+09,-25.84841,69.33721,-14.62163,51.15427,-15.13129,52.36144,-16.07062,86.91742
3.82E+09,-25.99586,70.70669,-14.7496,47.8835,-15.16211,47.73469,-15.8333,87.23824
3.83E+09,-25.99894,63.41637,-14.9527,45.91583,-14.99538,46.35782,-16.10581,86.17499
3.83E+09,-24.81883,58.79258,-14.75413,44.97932,-15.17257,42.55615,-15.94176,84.51153
3.84E+09,-24.35346,59.75047,-14.72391,40.68115,-15.3458,41.81724,-16.21052,84.07739
3.84E+09,-23.59135,57.67744,-14.5481,36.92892,-15.24185,36.20625,-15.79468,81.55341
3.85E+09,-23.22544,56.36738,-14.75247,36.96812,-15.19808,37.09798,-15.88932,83.87504
3.86E+09,-22.54499,48.61984,-14.74938,32.73,-15.14892,33.84358,-15.92873,81.27932
3.86E+09,-23.17505,49.12999,-14.69713,31.27815,-15.06158,30.10459,-15.90803,78.79443
3.87E+09,-22.49251,52.49117,-14.97253,26.19252,-15.24635,26.70642,-15.65627,80.11706
3.87E+09,-22.29268,45.56661,-14.65025,23.86861,-15.35422,24.10767,-15.66574,76.19825
3.88E+09,-21.31983,43.1287,-14.94235,21.45718,-15.22134,21.39168,-15.66115,75.63496
3.89E+09,-21.87887,44.1692,-14.80111,18.961,-15.21293,19.27632,-15.41637,75.4803
3.89E+09,-21.03462,42.16981,-14.72225,15.61793,-15.11566,16.03,-15.13025,73.69292
3.90E+09,-21.16651,40.12994,-14.75443,13.81574,-15.18917,14.23855,-15.31184,72.60671
3.90E+09,-21.3146,32.98881,-14.62024,11.45484,-15.19742,10.09512,-15.53646,74.36735
3.91E+09,-20.63258,33.1124,-14.91498,7.48479,-15.13879,7.53696,-15.43025,74.24329
3.92E+09,-20.83651,31.13329,-14.52869,5.71776,-15.16397,5.65768,-15.66716,69.62891
3.92E+09,-20.48427,25.52906,-15.02447,1.26007,-15.22345,1.2985,-15.34124,71.87156
3.93E+09,-20.1031,24.78311,-15.03893,-0.6265,-15.25088,-0.35974,-15.6677,67.71335
3.93E+09,-20.55215,21.2205,-14.71061,-2.78921,-15.27257,-3.618,-15.2104,68.47547
3.94E+09,-20.11993,23.44562,-14.58625,-5.45038,-15.40004,-5.79289,-15.40075,67.48446
3.95E+09,-19.61917,17.77143,-15.00616,-7.84869,-15.15976,-7.90197,-15.15039,64.31835
3.95E+09,-20.03439,11.43508,-14.87117,-11.56499,-15.45692,-12.63849,-15.52423,65.49366
3.96E+09,-19.7468,12.61226,-14.76612,-13.62885,-15.0663,-14.17519,-15.29265,61.19977
3.96E+09,-19.54214,11.50422,-14.84046,-16.87387,-15.49515,-17.07154,-15.10562,60.67868
3.97E+09,-19.26293,6.27222,-14.86314,-18.20387,-15.22324,-20.4749,-15.47986,63.04372
3.98E+09,-19.52259,2.59881,-14.82451,-21.99774,-15.30296,-21.61367,-14.99439,62.22041
3.98E+09,-19.54346,0.88967,-14.89206,-24.62822,-15.38013,-24.67568,-15.4897,60.5304
3.99E+09,-19.28131,2.29207,-14.73799,-27.78451,-15.44165,-25.73128,-14.94283,58.45251
3.99E+09,-19.03426,-2.70911,-14.57165,-30.58855,-15.17297,-28.59898,-14.96973,57.96744
4.00E+09,-18.85662,-5.89775,-14.72715,-31.69477,-15.43191,-32.53243,-14.89729,55.94715
4.01E+09,-19.01353,-9.20851,-14.61988,-35.648,-15.17208,-34.54594,-15.03786,55.79019
4.01E+09,-19.22342,-11.23984,-14.99979,-38.98592,-15.29424,-38.73768,-14.90677,54.01175
4.02E+09,-19.084,-14.97818,-14.84545,-41.97063,-15.33395,-41.57674,-14.72603,53.73605
4.02E+09,-19.30498,-16.58837,-14.82337,-43.79019,-15.53114,-43.06612,-14.79527,53.84481
4.03E+09,-19.36023,-15.90493,-14.62285,-45.98841,-15.04713,-45.85732,-14.93093,50.84742
4.04E+09,-19.24873,-20.22993,-14.83039,-50.64414,-15.32643,-48.29733,-14.82045,50.22745
4.04E+09,-19.08576,-20.6676,-14.82215,-52.93104,-15.25282,-52.16144,-15.02546,50.73624
4.05E+09,-18.97664,-26.4965,-14.5249,-55.66865,-15.31248,-53.99159,-14.57489,48.148
4.05E+09,-18.67095,-27.00072,-14.99643,-57.08004,-15.28429,-58.28358,-14.93978,46.92225
4.06E+09,-20.0239,-30.75127,-15.16872,-60.94901,-15.27827,-59.60845,-14.52076,45.41801
4.07E+09,-19.22686,-31.96248,-14.7825,-61.5633,-15.48517,-62.85648,-14.76193,45.9114
4.07E+09,-19.65001,-34.24497,-15.02681,-66.45497,-15.34319,-66.623,-14.95372,43.69609
4.08E+09,-19.66399,-41.34282,-14.95375,-67.60925,-15.29196,-69.03232,-14.40397,43.18672
4.08E+09,-19.67553,-43.30537,-15.19697,-71.18087,-15.20887,-71.09039,-14.7414,40.38628
4.09E+09,-20.422,-45.47362,-14.93608,-72.82539,-15.25408,-75.1926,-14.51177,40.5734
4.10E+09,-19.97282,-47.82488,-14.78273,-76.00492,-15.49682,-77.1506,-14.35675,40.36174
4.10E+09,-20.21878,-50.59695,-14.99466,-79.35458,-15.07391,-79.73783,-14.36984,39.33164
4.11E+09,-20.67654,-49.83162,-15.01121,-83.83099,-15.38736,-81.16457,-14.20298,38.643
4.11E+09,-20.19967,-55.40565,-14.84143,-84.36202,-15.51686,-85.43082,-14.09199,39.93128
4.12E+09,-20.25637,-58.41292,-15.02051,-88.16442,-15.57645,-89.11214,-14.46043,37.88973
4.13E+09,-20.79731,-58.60666,-14.98981,-89.13532,-15.36305,-90.35253,-14.31318,35.03712
4.13E+09,-21.32281,-66.13397,-14.87162,-92.89304,-15.38817,-93.44304,-14.56224,36.23755
4.14E+09,-21.32885,-65.11897,-14.78426,-95.57232,-15.26767,-95.03904,-14.29471,33.27107
4.14E+09,-21.35682,-66.17709,-14.92879,-98.08164,-15.35427,-97.68083,-14.50845,30.36031
4.15E+09,-21.74497,-72.10239,-14.67072,-103.16346,-15.46164,-100.28795,-14.67363,33.22274
4.16E+09,-21.86315,-70.33691,-15.10993,-103.68248,-15.51419,-103.76334,-14.36704,29.85802
4.16E+09,-22.41447,-78.26944,-14.93686,-107.73196,-15.62097,-107.16514,-14.43606,29.27587
4.17E+09,-22.31571,-78.3709,-15.00848,-109.42955,-15.46618,-110.26295,-14.49548,29.83191
4.17E+09,-23.1467,-82.39874,-15.10255,-111.95282,-15.35712,-112.39206,-13.96207,30.12722
4.18E+09,-23.19419,-85.18157,-14.94214,-112.66384,-15.48908,-114.57815,-13.87591,28.08945
4.19E+09,-23.26563,-87.64465,-15.24689,-116.6524,-15.82193,-118.61572,-14.42521,29.04397
4.19E+09,-23.9136,-90.31197,-14.91668,-120.92543,-15.28763,-121.0168,-14.21849,24.90976
4.20E+09,-23.80754,-89.02072,-14.95331,-124.08888,-15.44677,-122.94901,-14.35251,24.48636
4.20E+09,-25.2013,-98.94214,-14.81355,-125.26303,-15.40017,-123.52596,-13.90408,23.19088
4.21E+09,-25.2042,-100.21603,-14.89125,-127.56176,-15.54366,-127.6155,-14.06983,22.87985
4.21E+09,-25.80589,-103.80373,-14.8486,-131.86514,-15.56463,-130.94183,-14.05017,23.31332
4.22E+09,-25.48587,-104.94036,-14.97563,-133.47997,-15.35262,-132.98927,-14.21322,21.23401
4.23E+09,-25.9664,-113.40608,-15.0043,-135.77216,-15.35286,-137.47047,-13.7897,19.80896
4.23E+09,-26.40469,-119.64978,-14.97813,-139.7522,-15.42341,-140.64986,-13.80409,21.12176
4.24E+09,-27.1828,-117.7767,-14.72453,-142.14545,-15.47875,-141.39668,-13.83728,20.34261
4.24E+09,-28.10495,-125.25294,-14.91691,-145.39441,-15.32255,-145.78943,-13.94991,20.58908
4.25E+09,-29.80006,-122.15724,-15.33487,-147.55739,-15.48161,-147.89859,-14.16234,17.42209
4.26E+09,-28.00028,-137.86378,-15.12482,-150.44527,-15.55532,-151.30685,-14.02765,16.72223
4.26E+09,-29.26922,-134.93898,-14.89354,-151.57368,-15.69376,-153.80849,-14.41321,16.18025
4.27E+09,-31.5254,-138.87074,-14.93333,-156.72414,-15.58202,-155.74153,-14.02327,16.80498
4.27E+09,-31.36959,-143.96556,-15.11339,-159.80017,-15.63211,-159.09441,-14.1056,15.75297
4.28E+09,-33.59974,-164.03831,-14.88929,-159.72862,-15.55344,-162.3382,-14.11562,14.36834
4.29E+09,-35.19494,-150.66621,-15.18568,-164.23944,-15.3939,-162.20363,-13.97405,11.72185
4.29E+09,-37.03696,-174.23518,-15.14053,-167.31679,-15.73085,-165.72009,-13.83629,11.80397
4.30E+09,-35.41099,176.75722,-15.29508,-168.38705,-15.59486,-169.66579,-13.68524,9.39265
4.30E+09,-35.97574,163.00665,-15.08938,-171.35898,-15.63376,-172.19073,-14.03666,9.67218
4.31E+09,-40.83217,166.72961,-15.16673,-174.21541,-15.59299,-173.1913,-13.8408,9.54388
4.32E+09,-35.37819,127.93152,-15.20205,-176.87544,-15.60903,-177.8324,-13.97784,8.14069
4.32E+09,-37.61086,154.38475,-14.99144,179.59752,-15.76422,179.19073,-13.72751,7.17477
4.33E+09,-35.79818,102.05594,-15.10369,177.68796,-15.61918,178.63438,-13.80042,6.59536
4.33E+09,-34.24596,99.73315,-15.17479,174.83464,-15.82816,174.64845,-13.88918,4.57405
4.34E+09,-35.51793,76.6598,-15.19677,172.66733,-15.67818,172.77357,-13.62603,4.2252
4.35E+09,-35.27774,76.51691,-15.36573,169.46236,-15.50522,168.78885,-13.66211,4.10437
4.35E+09,-34.17854,79.43742,-15.38753,166.77185,-15.60169,165.58006,-13.61717,2.67166
4.36E+09,-33.80791,59.81105,-15.2862,163.74129,-15.4883,165.23032,-13.35704,2.03291
4.36E+09,-31.59884,60.45493,-15.12212,160.1319,-15.29927,161.33168,-13.43479,0.03625
4.37E+09,-30.77536,60.2079,-15.19198,159.37248,-15.58588,157.84239,-13.53762,-0.69365
4.38E+09,-30.1344,44.73119,-14.95463,154.87779,-15.595,155.78511,-13.71948,2.08353
4.38E+09,-29.40702,50.3667,-15.33395,153.67134,-15.54337,153.63443,-13.58054,-1.45108
4.39E+09,-28.84592,33.55196,-15.20499,150.94093,-15.50295,150.33627,-13.68521,-0.79143
4.39E+09,-27.6042,26.94108,-15.29824,147.13539,-15.74549,148.17177,-13.68537,-1.81946
4.40E+09,-27.87956,28.59192,-15.09261,142.24829,-15.59885,144.51517,-13.36938,-3.42459
4.41E+09,-26.50603,27.25928,-15.13051,141.72325,-15.61147,143.87619,-13.66243,-3.91044
4.41E+09,-26.96281,20.50105,-15.16902,139.05711,-15.44496,140.11758,-13.56259,-5.38734
4.42E+09,-25.33107,21.29033,-15.0937,136.2729,-15.66985,135.67168,-13.4737,-5.90522
4.42E+09,-26.21057,14.45659,-15.11087,133.25728,-15.76604,133.88339,-13.41329,-8.23011
4.43E+09,-25.50934,7.68167,-15.12464,131.56709,-15.56864,129.79617,-13.57692,-10.19991
4.44E+09,-25.45194,10.50077,-15.14558,128.21432,-15.38288,128.4933,-13.3276,-11.07464
4.44E+09,-25.06764,4.25908,-15.21227,125.31454,-15.73237,124.91557,-13.45213,-10.88496
4.45E+09,-25.10161,7.27385,-14.99922,122.70417,-15.46561,122.28787,-13.48993,-13.47239
4.45E+09,-24.62115,1.69789,-15.26669,118.88655,-15.68747,120.62696,-13.26794,-10.52133
4.46E+09,-23.94367,-5.36318,-15.1553,117.34728,-15.51613,117.07219,-13.333,-13.39444
4.47E+09,-24.06934,-6.53531,-15.29865,115.23772,-15.43226,114.9171,-13.68804,-13.95974
4.47E+09,-23.93778,-10.8082,-15.2544,112.02848,-15.79848,111.03215,-13.61657,-14.13615
4.48E+09,-23.94298,-12.79572,-15.10614,109.56881,-15.41039,108.72636,-13.54066,-13.10122
4.48E+09,-24.1034,-17.86558,-15.20261,106.35955,-15.62209,107.20664,-13.70279,-16.32466
4.49E+09,-22.79582,-22.11283,-15.10809,103.80965,-15.75186,104.26432,-13.39222,-16.06596
4.50E+09,-23.39859,-22.73056,-14.98399,101.84234,-15.80212,101.11388,-13.84326,-19.37524
4.50E+09,-23.41745,-25.39194,-15.20482,97.67421,-15.78564,97.10049,-13.41127,-19.37726
4.51E+09,-23.36647,-28.71525,-15.33264,96.07959,-15.68786,96.10493,-13.36938,-19.50588
4.51E+09,-22.44271,-31.62208,-15.42174,91.97153,-15.63396,91.9175,-13.2675,-21.48897
4.52E+09,-22.60348,-33.03344,-15.30409,90.07551,-15.95369,89.58875,-13.38492,-23.09456
4.53E+09,-22.3487,-31.61453,-15.07646,87.22146,-15.71637,87.22313,-13.40406,-24.62475
4.53E+09,-22.18138,-37.39688,-15.09695,84.01105,-15.58357,85.37088,-13.36438,-24.61709
4.54E+09,-22.4125,-39.39561,-15.33423,81.2481,-15.54052,82.23338,-13.78866,-24.1996
4.54E+09,-22.50538,-40.10573,-15.32887,78.7628,-15.49068,79.45313,-13.57717,-26.42092
4.55E+09,-22.51963,-47.12385,-15.28399,75.57433,-15.71108,75.5847,-13.63647,-26.48661
4.56E+09,-22.37897,-49.57227,-15.40306,72.73981,-15.88956,73.20329,-13.54961,-29.7731
4.56E+09,-22.88367,-52.80944,-15.27362,69.98004,-15.6571,71.84132,-13.57235,-30.76471
4.57E+09,-22.63648,-60.04435,-15.15996,67.36169,-15.70801,67.47008,-13.73862,-31.54286
4.57E+09,-22.21146,-54.80193,-15.20867,64.06902,-15.59143,65.37902,-13.97255,-31.67635
4.58E+09,-22.44903,-60.25188,-15.36258,62.78635,-15.67806,62.70945,-13.89865,-33.31819
4.59E+09,-21.92972,-62.19774,-15.42061,58.14314,-15.7162,59.14523,-13.44308,-33.93939
4.59E+09,-22.89437,-63.20897,-15.31972,57.52187,-15.85357,56.30688,-13.44655,-35.00888
4.60E+09,-22.05594,-67.21492,-15.22074,54.55264,-15.61336,55.27948,-13.26718,-36.4529
4.60E+09,-22.05947,-72.48256,-15.27351,51.28484,-15.88498,52.06172,-13.31688,-34.22792
4.61E+09,-22.52149,-68.74381,-15.05005,51.20726,-15.537,47.33061,-13.51133,-35.97272
4.62E+09,-22.19809,-79.05872,-15.16221,46.85338,-15.64629,45.79015,-13.43932,-34.68156
4.62E+09,-22.64449,-77.99055,-15.38455,43.76082,-15.78644,44.58803,-13.84056,-34.38118
4.63E+09,-22.32164,-78.99063,-15.39033,41.34748,-15.92293,40.27374,-13.81401,-36.94569
4.63E+09,-23.02461,-87.43259,-15.24675,37.89462,-15.95729,38.56664,-13.73988,-39.19987
4.64E+09,-23.63367,-91.25315,-15.30094,35.17271,-15.9545,34.69027,-13.7296,-38.53942
4.65E+09,-22.95942,-93.36703,-15.37717,32.5322,-16.17683,32.43172,-13.64461,-42.40001
4.65E+09,-24.37709,-91.55006,-15.44648,31.40067,-15.88684,30.46303,-13.57316,-42.36347
4.66E+09,-23.63207,-93.2107,-15.37855,26.9912,-15.93854,28.46827,-13.71111,-45.68098
4.66E+09,-23.73275,-101.29326,-15.25958,23.77224,-15.84165,25.01909,-13.41718,-43.77231
4.67E+09,-24.05641,-103.64291,-15.29979,21.76836,-16.109,23.22115,-13.70794,-45.36764
4.68E+09,-23.64403,-108.78349,-15.41439,19.34801,-15.83341,20.62414,-13.78911,-45.76533
4.68E+09,-24.37652,-114.9658,-15.52347,15.31716,-15.7558,16.59345,-13.77024,-45.42788
4.69E+09,-24.01609,-114.88908,-15.34329,14.28403,-15.76294,13.82901,-14.14388,-47.14663
4.69E+09,-23.96114,-112.30141,-15.51966,8.99135,-15.85286,10.7185,-13.66531,-49.06955
4.70E+09,-24.43724,-116.48415,-15.37709,6.79326,-15.78116,8.11232,-14.19153,-50.01878
4.71E+09,-23.9168,-112.91987,-15.53714,4.53742,-15.91978,6.68844,-14.21548,-52.26536
4.71E+09,-24.89266,-124.17049,-15.63147,2.37958,-15.76137,3.47391,-13.89238,-53.71272
4.72E+09,-24.8644,-125.31793,-15.74894,1.2033,-16.04718,0.72856,-13.83528,-52.60361
4.72E+09,-25.46066,-128.35722,-15.25749,-2.13058,-15.90157,-2.25697,-13.58528,-56.69509
4.73E+09,-26.14397,-133.71867,-15.30517,-6.34906,-16.03729,-6.57771,-13.58015,-55.63042
4.74E+09,-26.40562,-130.54213,-15.20659,-9.15817,-16.12683,-7.00064,-13.35286,-53.97618
4.74E+09,-27.01721,-139.72017,-15.38138,-12.15811,-16.06652,-10.95611,-13.57856,-55.31113
4.75E+09,-28.26597,-138.67914,-15.47996,-11.75016,-15.91794,-12.65948,-13.43729,-56.26616
4.75E+09,-28.7865,-141.0649,-15.33986,-17.11507,-15.9898,-16.94341,-13.59927,-55.09411
4.76E+09,-27.41624,-146.94765,-15.37334,-17.17646,-16.08374,-17.99248,-13.8554,-56.95477
4.77E+09,-28.80921,-154.44348,-15.53187,-22.77005,-15.63023,-21.83304,-13.84019,-59.56477
4.77E+09,-29.04281,-158.09534,-15.48666,-23.8162,-15.84081,-23.41116,-14.03857,-60.61025
4.78E+09,-29.11863,-161.04504,-15.38386,-28.19051,-16.03859,-28.5208,-14.19751,-59.71722
4.78E+09,-29.49518,-168.97911,-15.45131,-29.19725,-16.08665,-30.54657,-13.84547,-61.96771
4.79E+09,-29.92314,-162.63605,-15.37742,-32.92993,-15.84047,-31.85295,-13.80342,-64.17735
4.80E+09,-28.66332,-171.58023,-15.60881,-36.70264,-16.15353,-35.03727,-13.61786,-65.0023
4.80E+09,-30.16301,-173.30193,-15.32499,-38.53457,-16.01304,-39.19503,-13.60923,-67.6896
4.81E+09,-29.96873,-173.02109,-15.47992,-40.80951,-15.97476,-40.66275,-13.50973,-67.88381
4.81E+09,-31.49455,-163.84985,-15.68965,-43.61708,-15.90525,-42.88284,-13.59883,-66.33959
4.82E+09,-31.81591,175.72281,-15.4667,-46.78024,-16.02414,-45.25052,-13.86299,-67.21777
4.83E+09,-35.96843,-164.86732,-15.48816,-47.79534,-16.14456,-48.16678,-13.65128,-69.2067
4.83E+09,-35.21886,160.47562,-15.6591,-52.51613,-15.98128,-50.66046,-13.8209,-68.84583
4.84E+09,-34.74584,167.77377,-15.54014,-53.31665,-16.13668,-53.03278,-13.66022,-70.01335
4.84E+09,-35.75256,142.88145,-15.37175,-57.29166,-15.96298,-56.81937,-13.61237,-71.84483
4.85E+09,-37.227,156.71158,-15.36364,-58.87759,-16.05674,-58.49118,-13.88237,-71.9075
4.86E+09,-42.68362,135.38556,-15.56822,-64.67558,-16.00939,-62.2966,-14.19318,-75.53841
4.86E+09,-37.11995,113.74325,-15.44685,-63.83957,-16.06431,-63.95,-13.85631,-75.82343
4.87E+09,-39.26781,120.78271,-15.41341,-68.1973,-16.17853,-66.67813,-13.83251,-76.79301
4.87E+09,-37.38539,100.94009,-15.55602,-71.50198,-15.88889,-69.92304,-13.753,-78.3649
4.88E+09,-39.41009,81.05375,-15.66235,-72.95618,-16.02557,-74.42471,-13.53053,-76.87691
4.89E+09,-40.12491,69.03928,-15.42819,-77.34587,-15.93136,-76.66199,-13.62593,-80.30412
4.89E+09,-38.68427,86.43687,-15.49348,-78.78612,-16.00734,-76.9573,-13.93306,-78.25346
4.90E+09,-37.75141,95.79909,-15.41947,-82.09116,-15.92032,-80.25758,-13.74698,-79.63441
4.90E+09,-43.00945,76.69473,-15.71093,-85.91236,-15.82885,-83.24368,-13.77536,-80.05279
4.91E+09,-43.92749,52.2984,-15.38236,-89.44544,-15.74625,-87.11662,-13.83233,-79.88917
4.92E+09,-40.89711,23.06824,-15.43675,-88.63288,-15.9914,-89.4439,-13.789,-80.57725
4.92E+09,-36.63565,32.52244,-15.65516,-92.57281,-15.86219,-91.50189,-14.06838,-85.3887
4.93E+09,-36.63725,28.84408,-15.78209,-93.90175,-16.07023,-95.48265,-13.89295,-86.15066
4.93E+09,-36.28825,11.16882,-15.72332,-96.51226,-16.07221,-96.87946,-14.10721,-88.59422
4.94E+09,-35.82737,-3.79648,-15.47769,-99.81445,-15.86094,-100.89031,-13.85746,-88.67188
4.95E+09,-33.42032,9.49176,-15.59349,-101.94685,-16.05685,-103.28371,-13.78114,-89.44813
4.95E+09,-33.72864,2.02039,-15.65819,-105.51753,-16.1009,-105.54072,-13.70039,-90.39298
4.96E+09,-34.10545,18.59229,-15.35334,-109.74018,-16.22026,-107.94426,-13.60521,-91.98669
4.96E+09,-34.15046,-15.91043,-15.54637,-113.13516,-16.08256,-110.14315,-13.59966,-94.23287
4.97E+09,-32.30145,-1.88544,-15.60878,-114.55311,-15.94278,-112.91531,-13.33395,-91.05467
4.98E+09,-32.00832,-21.68741,-15.6239,-116.61442,-16.10558,-116.48393,-13.71705,-93.52329
4.98E+09,-33.15909,-18.61169,-15.50921,-120.5657,-15.9251,-119.79876,-13.86917,-93.67361
4.99E+09,-33.11335,-19.53693,-15.46998,-122.25222,-16.00756,-122.38297,-13.99975,-96.97575
4.99E+09,-31.66057,-24.55249,-15.4613,-125.34525,-16.05594,-125.70085,-14.08654,-96.30864
5.00E+09,-32.60703,-30.55923,-15.48984,-128.34698,-15.75937,-127.76054,-13.55313,-98.76926
5.01E+09,-31.6579,-37.92981,-15.50246,-129.38373,-16.13773,-129.54785,-13.89292,-99.32795
5.01E+09,-31.2154,-40.14344,-15.80474,-133.42001,-16.27595,-132.44315,-13.84243,-100.70605
5.02E+09,-31.05735,-41.6231,-15.45293,-136.97307,-15.86376,-134.83061,-13.64426,-102.33039
5.02E+09,-30.41103,-33.03344,-15.52998,-138.89124,-16.13458,-139.39641,-13.77116,-101.63593
5.03E+09,-30.62133,-61.12177,-15.84031,-141.73203,-15.9406,-140.66515,-13.84551,-100.92812
5.04E+09,-29.96258,-56.88399,-15.43305,-144.83131,-16.01583,-143.28845,-13.88204,-103.09684
5.04E+09,-31.07493,-59.17145,-15.47617,-147.73639,-16.14681,-146.80379,-13.90626,-103.76455
5.05E+09,-29.11338,-61.57438,-15.53741,-149.48253,-15.83173,-149.13745,-14.03647,-105.59879
5.05E+09,-28.72941,-65.75071,-15.83972,-152.29088,-15.86746,-151.10245,-13.73879,-104.38284
5.06E+09,-28.10897,-72.87955,-15.63847,-153.90068,-16.0614,-156.50471,-14.01241,-107.23562
5.07E+09,-29.93886,-62.13089,-15.8702,-159.08046,-15.91338,-157.43558,-14.21621,-107.51251
5.07E+09,-29.21587,-79.00861,-15.72611,-160.81902,-15.89345,-159.43747,-14.07448,-108.52119
5.08E+09,-28.91711,-68.1274,-15.65828,-163.0869,-16.2893,-162.76105,-14.16745,-110.39808
5.08E+09,-29.16337,-73.23529,-15.3477,-166.40239,-16.01925,-162.58548,-13.79433,-113.42628
5.09E+09,-29.44075,-81.6078,-15.67516,-168.45567,-16.22906,-167.16138,-13.99843,-113.70712
5.10E+09,-28.72813,-79.41216,-15.84067,-171.73372,-16.20876,-171.32568,-14.01658,-113.93964
5.10E+09,-29.70474,-90.45703,-15.81847,-174.4176,-16.09457,-173.31213,-13.95445,-114.56814
5.11E+09,-30.21613,-94.76098,-15.64875,-177.45358,-16.15122,-176.22755,-13.64463,-113.83558
5.11E+09,-29.40891,-90.96432,-15.70066,-178.74918,-16.10045,-179.74637,-13.95801,-116.5403
5.12E+09,-28.72673,-93.97627,-15.67733,177.92635,-16.30136,179.18698,-13.7906,-114.11185
5.13E+09,-29.44889,-105.40978,-15.76697,173.91673,-16.05961,176.37552,-13.92836,-117.89337
5.13E+09,-29.4359,-106.14639,-15.86007,172.41805,-16.17793,171.14751,-14.08424,-117.36664
5.14E+09,-30.55616,-108.82222,-15.68944,168.89006,-16.37844,170.92592,-14.54858,-119.98626
5.14E+09,-30.57287,-103.59438,-15.64533,167.91618,-16.35858,166.62373,-14.57134,-118.18018
5.15E+09,-28.87773,-108.13937,-15.47263,163.40935,-16.3469,163.81567,-13.81688,-118.83282
5.16E+09,-30.554,-102.37943,-15.72922,162.34711,-16.34364,162.8759,-14.15791,-121.59782
5.16E+09,-31.09877,-102.66409,-15.85116,159.15689,-16.12159,159.55327,-14.27833,-123.1521
5.17E+09,-30.95544,-109.69254,-15.6758,153.17531,-16.08771,156.75981,-13.72019,-125.02754
5.17E+09,-30.33779,-105.14165,-15.63096,154.62567,-16.29844,154.22224,-14.10835,-125.7482
5.18E+09,-31.90597,-110.20888,-15.94326,150.96332,-16.12981,150.58545,-14.0694,-124.39256
5.19E+09,-31.35873,-122.09634,-15.6774,147.2043,-16.29085,148.05299,-13.66482,-126.26933
5.19E+09,-30.33362,-120.25532,-15.90388,144.91113,-16.15763,147.15254,-14.08029,-125.97495
5.20E+09,-30.70734,-110.41997,-15.86077,142.64925,-16.13368,144.07439,-14.09977,-128.59787
5.20E+09,-32.6399,-119.51077,-15.7376,141.26038,-16.20351,140.07475,-13.95332,-130.40594
5.21E+09,-33.20221,-123.55288,-15.74183,137.03056,-15.98058,138.00995,-14.00419,-128.95673
5.22E+09,-31.81595,-136.67873,-15.51231,134.33961,-15.91374,134.61748,-13.8152,-132.42776
5.22E+09,-32.43171,-133.97929,-16.0436,130.52615,-16.09582,133.0361,-14.18419,-132.14331
5.23E+09,-32.36836,-136.27789,-15.97209,129.86664,-16.07169,129.31033,-14.1688,-132.23013
5.23E+09,-31.70606,-152.64081,-15.82313,125.93233,-16.08605,124.43064,-14.4458,-133.29027
5.24E+09,-31.97131,-146.27434,-15.81971,122.80816,-16.20076,122.89635,-14.24602,-134.73158
5.25E+09,-32.75533,-140.51404,-15.78837,118.66289,-16.36092,120.03551,-14.00198,-137.02997
5.25E+09,-31.94099,-138.49307,-15.86399,117.39185,-16.3435,118.72589,-14.04316,-137.66589
5.26E+09,-31.63582,-137.65045,-15.67452,116.03313,-16.097,117.87923,-14.22642,-137.99557
5.26E+09,-33.0706,-138.59734,-15.59242,112.26541,-16.22595,113.39642,-13.85118,-139.32738
5.27E+09,-32.94119,-146.6348,-15.6395,109.63266,-15.98995,110.07572,-13.59461,-139.95679
5.28E+09,-32.90265,-140.60861,-15.42454,107.84647,-16.22262,108.15858,-14.35644,-138.06865
5.28E+09,-39.97208,-156.86581,-15.68605,103.74358,-16.23193,104.4728,-14.46595,-140.36116
5.29E+09,-33.96982,-141.98264,-15.7452,101.5378,-16.31602,99.45478,-14.45116,-140.72343
5.29E+09,-36.86764,-129.07065,-15.64747,99.87448,-15.88651,99.30032,-14.23747,-142.45551
5.30E+09,-39.72355,-108.58451,-15.65506,94.86333,-16.16695,96.98333,-14.31638,-142.06583
5.31E+09,-42.2968,-168.84325,-15.66838,92.67376,-16.23382,94.78455,-13.97546,-147.97789
5.31E+09,-41.21534,-148.28954,-15.70383,90.15668,-16.225,89.88531,-14.4051,-147.19014
5.32E+09,-40.90601,-130.81659,-15.72013,86.29181,-16.36183,87.86597,-14.10033,-147.11786
5.32E+09,-38.91515,-141.30618,-15.56854,86.3442,-16.31509,86.74855,-14.09929,-146.87865
5.33E+09,-44.59983,170.57178,-15.93652,82.1045,-16.3373,83.33824,-14.13733,-147.70476
5.34E+09,-44.15393,-132.69894,-15.76337,80.13046,-16.05837,78.54202,-14.07074,-148.27431
5.34E+09,-40.58692,-136.02563,-15.75901,76.14409,-16.41928,76.14162,-14.19482,-149.34853
5.35E+09,-37.01915,-148.87503,-15.78124,73.22555,-16.06302,74.815,-14.0333,-150.78197
5.35E+09,-38.447,-148.72725,-15.70131,71.49952,-16.33365,71.77335,-14.47166,-150.9258
5.36E+09,-42.03757,-145.32605,-15.85711,70.15585,-16.08021,69.3959,-14.06028,-151.49272
5.37E+09,-41.42508,-81.73675,-15.83595,64.71432,-16.4179,65.68597,-14.43892,-153.37463
5.37E+09,-35.5702,-130.26962,-15.95164,63.07243,-16.41177,65.66087,-14.56923,-152.3441
5.38E+09,-39.87455,-117.19497,-15.8948,61.83455,-16.62168,59.48161,-14.26648,-156.38803
5.38E+09,-36.74099,-97.47276,-15.89253,56.87956,-16.27623,57.96948,-14.33721,-156.24841
5.39E+09,-39.47956,-62.91801,-15.71644,53.69748,-16.14468,58.51611,-13.76387,-158.72652
5.40E+09,-43.4688,-91.0282,-15.72956,53.58695,-16.37437,53.95518,-14.21495,-156.71642
5.40E+09,-41.65884,-87.7381,-15.89897,51.12026,-16.32125,49.35461,-14.34874,-158.9348
5.41E+09,-40.98927,-125.44387,-15.81617,44.55976,-16.26321,48.14327,-14.24642,-158.85434
5.41E+09,-39.77267,-83.12391,-16.0719,43.28266,-16.16807,45.70705,-14.39113,-159.26738
5.42E+09,-45.89002,-88.94961,-15.62581,42.04964,-16.09526,43.21417,-14.33355,-160.2495
5.42E+09,-37.92809,-74.44584,-16.0548,39.57544,-16.24326,42.17788,-14.59691,-162.21474
5.43E+09,-38.59744,-93.85613,-15.79486,34.37948,-16.10337,37.09651,-14.41121,-160.44226
5.44E+09,-38.44735,-79.3404,-15.92888,33.88057,-16.52598,34.50149,-14.098,-162.38272
5.44E+09,-38.98705,-99.2248,-15.95499,31.44365,-16.50341,32.97041,-14.61344,-166.72276
5.45E+09,-42.60129,-84.85089,-15.88577,26.41962,-16.19746,30.28289,-14.27035,-164.61298
5.45E+09,-38.25114,-81.67547,-15.8222,25.57667,-16.25409,24.00628,-14.18498,-165.37511
5.46E+09,-35.99267,-115.91772,-15.99794,22.07506,-16.75443,24.08511,-14.39496,-167.60643
5.47E+09,-35.06108,-105.94885,-16.02621,19.34442,-16.54765,21.36445,-14.32906,-170.99181
5.47E+09,-33.69965,-83.6459,-16.0484,15.99978,-16.41693,20.46066,-14.373,-171.37085
5.48E+09,-34.78667,-94.72575,-15.94132,12.2348,-16.16149,16.08391,-14.018,-170.57719
5.48E+09,-34.33041,-106.36551,-15.92293,11.88133,-16.40191,14.22744,-14.55757,-172.10692
5.49E+09,-35.78219,-119.32967,-15.84506,8.03997,-16.50986,9.42931,-14.41181,-172.81516
5.50E+09,-34.8056,-113.6991,-16.02053,5.89119,-16.36341,8.18146,-14.39385,-175.4136
5.50E+09,-36.48128,-84.50727,-15.78126,3.59953,-16.54933,4.79572,-14.56687,-170.84436
5.51E+09,-35.83641,-79.47173,-15.71912,2.04665,-16.37771,0.62332,-14.64198,-174.88274
5.51E+09,-36.53616,-93.86694,-15.63507,-1.05514,-16.41002,-1.77665,-14.32933,-175.75414
5.52E+09,-36.37122,-91.64236,-16.23589,-4.63931,-16.69212,-3.13789,-14.49971,-175.23598
5.53E+09,-37.63709,-110.12421,-16.12556,-6.5529,-16.38426,-5.32109,-14.86333,-176.14598
5.53E+09,-36.07647,-109.29398,-15.84231,-8.77719,-16.51073,-10.55559,-14.61196,-176.25439
5.54E+09,-36.53939,-113.64366,-15.94302,-14.00048,-16.26491,-11.88363,-14.38822,-178.83727
5.54E+09,-37.50829,-123.8454,-15.85076,-17.30322,-16.32466,-14.92234,-14.32912,-178.62811
5.55E+09,-38.32197,-125.56715,-16.15227,-17.7632,-16.40259,-17.48822,-14.46258,-177.41597
5.56E+09,-37.81324,-113.41118,-16.21813,-21.19692,-16.62109,-21.53137,-14.55901,178.9281
5.56E+09,-37.61092,-130.8591,-15.79503,-23.28041,-16.47939,-21.60167,-14.61922,179.7141
5.57E+09,-32.59239,-136.90413,-15.81794,-25.9561,-16.37406,-24.60374,-14.85399,177.55728
5.57E+09,-34.30534,-131.48451,-15.85076,-30.84535,-16.67675,-27.38948,-14.70517,175.64879
5.58E+09,-38.20573,-121.09176,-16.00691,-32.56307,-16.52167,-30.1329,-14.56887,174.4729
5.59E+09,-38.81088,-133.83583,-16.093,-33.34498,-16.65589,-35.045,-14.67838,176.77069
5.59E+09,-36.66391,-121.2419,-15.91436,-38.64587,-16.31668,-35.30805,-14.79546,173.45326
5.60E+09,-35.03484,-120.32052,-16.07088,-39.9755,-16.89581,-40.00068,-14.83778,172.71283
5.60E+09,-38.68996,-128.02522,-15.86275,-43.14378,-16.35489,-40.94621,-14.84449,174.56882
5.61E+09,-37.66444,-109.46974,-15.9934,-46.55534,-16.72953,-43.78889,-15.24961,169.77158
5.62E+09,-40.38441,-142.40599,-16.02221,-48.02846,-16.40449,-48.24779,-15.12255,170.41853
5.62E+09,-36.59129,-132.80179,-15.60032,-49.89193,-16.57079,-50.51909,-15.113,171.30487
5.63E+09,-38.9462,-158.28137,-16.30981,-55.53169,-16.44678,-52.32626,-15.31365,169.4267
5.63E+09,-41.02477,-155.60184,-15.82881,-55.8937,-16.74239,-54.46039,-14.85616,167.86894
5.64E+09,-41.28914,-135.45563,-15.79663,-59.84994,-16.52587,-58.35945,-14.87706,166.66104
5.65E+09,-39.42012,-139.51431,-16.09671,-61.82896,-16.46937,-59.28304,-15.12464,167.84563
5.65E+09,-47.91365,-179.72832,-15.8011,-63.82731,-16.36893,-63.34032,-15.03309,168.18303
5.66E+09,-45.12152,-169.31238,-16.12082,-66.76628,-16.27561,-66.31144,-14.89969,166.08348
5.66E+09,-44.85907,-144.01604,-15.83445,-69.28943,-16.7149,-67.89442,-14.78618,165.58441
5.67E+09,-41.55616,-163.79968,-15.86421,-73.81099,-16.53555,-70.89161,-14.95252,164.17697
5.68E+09,-37.97899,-120.83132,-15.88809,-74.79984,-16.56854,-75.82304,-14.84154,163.28737
5.68E+09,-35.8801,-109.17767,-15.95388,-78.35027,-16.5377,-75.55705,-15.34643,161.95992
5.69E+09,-51.11891,-146.63361,-16.06996,-79.55912,-16.61569,-80.01389,-15.10585,162.20566
5.69E+09,-51.056,-68.59669,-16.08029,-83.14262,-16.36759,-81.52126,-15.62859,160.30261
5.70E+09,-41.11884,-84.9426,-16.02024,-85.92659,-16.36554,-84.50759,-15.51296,159.87138
5.71E+09,-46.87802,-90.35577,-15.99179,-87.47723,-16.48973,-86.30451,-15.53303,160.60582
5.71E+09,-39.62837,-91.60931,-16.22502,-92.48006,-16.38688,-90.08608,-15.29109,157.59598
5.72E+09,-40.45909,-48.37494,-16.0227,-93.51399,-16.47149,-94.23099,-15.67941,157.49796
5.72E+09,-43.46804,-29.28961,-15.76705,-95.6308,-16.28272,-95.70495,-15.78789,157.36018
5.73E+09,-41.43895,-65.31726,-15.72947,-99.91362,-16.58978,-98.23823,-15.27051,155.49126
5.74E+09,-39.2477,-31.64845,-16.1559,-101.96127,-16.64237,-100.15947,-15.48662,155.85164
5.74E+09,-35.23846,-61.04243,-15.71284,-104.23757,-16.80524,-104.09058,-15.54936,155.29648
5.75E+09,-37.97733,-50.92363,-15.95938,-108.21906,-16.43172,-105.45613,-15.40845,154.71346
5.75E+09,-35.81996,-57.99734,-15.88528,-111.04799,-16.44274,-109.61267,-15.82377,153.61469
5.76E+09,-38.13067,-59.29618,-16.17731,-112.65137,-16.56937,-113.92965,-15.86185,154.25298
5.77E+09,-35.10031,-53.50138,-16.03265,-114.69911,-16.54729,-115.80307,-15.86467,151.13281
5.77E+09,-33.89505,-59.15765,-16.14533,-117.64569,-16.72079,-116.56652,-16.1151,149.69354
5.78E+09,-37.39172,-73.60503,-15.96598,-120.71432,-16.75054,-122.72469,-15.94225,150.71626
5.78E+09,-37.01182,-37.64721,-16.38359,-124.08762,-16.62769,-122.44585,-16.21037,149.21196
5.79E+09,-34.48609,-76.56428,-15.72059,-125.41372,-16.51298,-126.13611,-15.82749,147.58435
5.80E+09,-35.43607,-79.42136,-16.02931,-129.25557,-16.49701,-127.05894,-15.60975,147.03241
5.80E+09,-31.98848,-69.5615,-16.04112,-132.61938,-16.44806,-131.17805,-16.19826,146.42378
5.81E+09,-33.04991,-76.64061,-15.93889,-134.45786,-16.73858,-136.10439,-15.98886,147.12941
5.81E+09,-32.26492,-68.54935,-16.20005,-138.55847,-16.37717,-135.42329,-16.32809,147.73593
5.82E+09,-30.05449,-71.5129,-16.0815,-140.62163,-16.28494,-140.05504,-16.65912,144.52783
5.83E+09,-30.80571,-66.06838,-16.16614,-142.20807,-16.58796,-142.53146,-16.50435,146.35812
5.83E+09,-32.8739,-79.34278,-15.95021,-145.04323,-16.54094,-142.91354,-16.00828,145.47864
5.84E+09,-30.98579,-77.6464,-16.31051,-149.30231,-16.42316,-147.22191,-16.97857,144.06737
5.84E+09,-30.75931,-74.91075,-15.98939,-150.08572,-16.4234,-151.63602,-17.22731,142.49713
5.85E+09,-29.92917,-81.32615,-15.907,-153.04605,-16.29777,-151.28932,-16.89975,138.88107
5.86E+09,-28.23617,-90.75758,-16.05258,-155.54671,-16.36068,-154.79829,-16.50158,136.9684
5.86E+09,-29.32598,-87.8236,-16.22869,-159.79115,-16.70184,-157.50276,-17.03705,136.59332
5.87E+09,-31.11713,-85.60078,-15.92382,-162.75471,-16.46402,-162.47696,-17.06069,138.06184
5.87E+09,-28.73241,-95.93565,-16.06402,-165.82149,-16.45548,-163.13985,-16.48892,137.16518
5.88E+09,-28.16877,-97.78287,-16.04564,-167.00331,-16.38265,-166.31303,-16.17176,136.88535
5.89E+09,-28.08609,-91.98017,-15.95666,-170.25867,-16.69011,-170.55295,-16.75729,138.03581
5.89E+09,-28.12573,-94.70335,-16.21697,-172.07368,-16.58054,-172.82718,-16.79409,136.33344
5.90E+09,-28.39312,-106.42333,-16.00106,-174.92265,-16.30795,-175.67467,-17.11853,136.12627
5.90E+09,-26.94794,-104.7935,-16.06603,-177.15268,-16.33168,-177.05544,-17.44895,136.74138
5.91E+09,-27.51659,-111.62481,-15.82952,179.50066,-16.70095,179.30615,-17.43889,133.35033
5.92E+09,-28.7486,-110.72554,-16.17796,175.34326,-16.56606,177.68629,-17.79909,134.40178
5.92E+09,-27.95246,-106.04588,-15.90314,173.58031,-16.57196,175.74292,-17.64965,132.01804
5.93E+09,-27.82196,-112.26698,-15.95524,170.5416,-16.79595,170.73807,-17.34813,129.26828
5.93E+09,-27.05616,-113.86304,-15.87436,166.96773,-16.40341,166.49034,-17.68068,131.13205
5.94E+09,-26.80072,-123.63186,-16.17284,164.74786,-16.6449,165.94041,-18.36618,129.70522
5.95E+09,-26.55,-124.96568,-16.10811,162.75792,-16.50951,162.29828,-17.44176,129.06131
5.95E+09,-27.8638,-130.16493,-16.19547,160.32596,-16.65112,159.07846,-17.05307,123.67113
5.96E+09,-26.34791,-124.78922,-16.10999,158.61847,-16.54504,157.80484,-17.81371,124.86365
5.96E+09,-27.02147,-133.42526,-16.24071,153.46506,-16.74377,155.20268,-18.2145,123.61846
5.97E+09,-27.67777,-132.31837,-15.9697,151.575,-16.61827,153.01567,-18.33786,127.6505
5.98E+09,-26.95238,-136.73643,-15.93904,148.87344,-16.61376,148.93282,-19.00058,127.71428
5.98E+09,-26.54521,-144.84895,-16.20627,147.15318,-16.43243,146.39195,-18.73564,122.38677
5.99E+09,-26.801,-139.18698,-15.99704,142.43726,-16.87468,145.56718,-19.14679,122.26228
5.99E+09,-26.96138,-147.28827,-16.32647,139.55843,-16.62507,140.28656,-19.66266,124.37184
6.00E+09,-26.95234,-144.78819,-16.23972,138.18106,-16.78056,136.86624,-19.32673,121.57504
