Freq(Hz),Sdd11(mag),Sdd11(phase),Sdd12(mag),Sdd12(phase),Sdd21(mag),Sdd21(phase),Sdd22(mag),Sdd22(phase)
1.00E+07,-12.68923,-112.81882,-25.91015,-55.10083,21.26613,179.17995,-18.76277,-53.10096
1.60E+07,-15.61059,-112.39739,-39.82719,81.92094,21.34658,-176.0448,-16.6155,-6.28574
2.20E+07,-16.73002,-121.50944,-33.88339,124.00147,21.98109,-174.06863,-16.20642,-0.50086
2.80E+07,-17.45227,-129.97571,-38.65311,81.25359,22.29504,-173.80486,-17.56178,-15.29163
3.40E+07,-18.69725,-143.85139,-35.80059,114.30515,22.67504,-174.94542,-16.63053,-9.4252
4.00E+07,-20.65743,-152.5892,-40.66396,90.7393,22.88965,-175.59941,-17.09901,-10.78273
4.59E+07,-20.90224,-157.57341,-47.79164,62.44897,23.10004,-177.10423,-16.69268,-9.86024
5.19E+07,-19.72621,-157.8168,-47.69551,-173.15474,23.23881,-178.6996,-16.8663,-8.15039
5.79E+07,-21.9357,-163.34909,-40.47688,107.36909,23.34638,-179.5219,-17.06913,-9.33055
6.39E+07,-20.95844,-161.987,-55.71053,137.0835,23.43794,179.1019,-16.63923,-10.14187
6.99E+07,-21.02513,-162.37329,-56.11118,81.7216,23.51419,177.98749,-16.63743,-12.54136
7.59E+07,-21.40068,-170.5179,-53.25824,-97.90151,23.57809,176.83353,-17.01809,-9.5895
8.19E+07,-20.97923,-168.457,-45.63261,94.18005,23.62922,175.52126,-16.65331,-12.19858
8.79E+07,-21.2488,-168.45338,-40.74279,124.97738,23.66802,174.48244,-16.66063,-10.18563
9.39E+07,-21.23605,179.03056,-48.8128,31.48381,23.66633,173.43985,-16.81692,-12.10414
9.99E+07,-21.40293,176.09648,-50.47291,122.17679,23.68329,172.53561,-16.25387,-14.43497
1.06E+08,-20.6318,-177.46866,-41.1412,176.66165,23.70147,171.36372,-16.6839,-15.46514
1.12E+08,-20.35135,-179.2663,-42.90224,-147.81044,23.70584,170.44562,-16.92567,-13.30701
1.18E+08,-21.35077,177.46761,-46.30604,-3.68988,23.77005,169.58107,-17.27602,-17.73284
1.24E+08,-21.84948,173.49854,-47.79491,152.85243,23.75592,168.77882,-16.60881,-15.76647
1.30E+08,-20.5674,174.41206,-43.59294,-83.58643,23.79013,167.58841,-16.15013,-15.7608
1.36E+08,-22.07768,174.44362,-56.71877,-130.48926,23.79969,166.71196,-16.51388,-17.26965
1.42E+08,-21.03827,173.29453,-51.97085,55.01679,23.80358,165.81638,-16.73897,-16.90706
1.48E+08,-22.41844,176.04898,-42.81482,151.11385,23.77993,164.96663,-16.91957,-21.31747
1.54E+08,-21.62336,168.19666,-54.13658,70.56381,23.81352,164.2276,-16.59639,-19.3232
1.60E+08,-21.20684,162.12827,-47.8333,75.75717,23.82854,163.18982,-16.71459,-20.06327
1.66E+08,-21.8902,163.91943,-52.27638,-41.95645,23.82672,162.39136,-16.47206,-18.27533
1.72E+08,-21.75049,166.67975,-47.93112,89.67125,23.85699,161.46007,-16.84831,-20.56311
1.78E+08,-21.87673,164.89302,-51.50021,-51.44094,23.84077,160.66924,-17.14845,-23.25683
1.84E+08,-22.12293,165.19902,-43.60107,-127.76752,23.85341,159.8732,-16.77559,-22.4421
1.90E+08,-22.57474,163.38168,-53.99289,-19.35207,23.84463,158.9209,-16.72445,-25.22882
1.96E+08,-21.94037,159.01817,-50.04559,84.36704,23.8555,157.99377,-16.80969,-25.61173
2.02E+08,-22.573,162.62991,-45.72694,-23.56116,23.84922,157.27144,-16.70618,-23.36833
2.08E+08,-22.08429,156.82755,-43.74205,-29.95231,23.86009,156.35266,-16.58465,-26.7464
2.14E+08,-22.16913,157.61049,-54.88898,107.72726,23.83636,155.70554,-16.68269,-31.31499
2.20E+08,-23.19122,154.50856,-44.19678,116.06333,23.87078,154.8013,-16.97099,-28.37206
2.26E+08,-21.67891,148.63046,-40.43103,-75.86025,23.87594,153.86909,-16.11971,-29.46228
2.32E+08,-21.76841,158.3979,-41.88559,-179.50626,23.87073,153.1441,-16.43438,-30.07973
2.38E+08,-22.2277,148.60248,-50.88631,2.65953,23.86585,152.47478,-16.85207,-27.49196
2.44E+08,-21.84948,150.76126,-49.63456,142.75189,23.87972,151.75974,-17.04289,-30.2548
2.50E+08,-22.23931,141.9695,-44.54472,-16.97282,23.85273,150.71713,-16.7233,-34.37093
2.56E+08,-23.32986,143.62285,-44.45502,-47.72289,23.87675,149.93263,-16.69762,-40.29059
2.62E+08,-23.27392,148.394,-59.14042,-160.14784,23.87743,149.29457,-16.26032,-34.10614
2.68E+08,-22.18006,144.2628,-50.6436,-54.87735,23.85952,148.51006,-16.37059,-34.31528
2.74E+08,-21.84418,145.12346,-54.73919,-93.0946,23.89542,147.77379,-16.43377,-38.61484
2.80E+08,-21.81199,148.10301,-38.9385,-62.6087,23.90055,146.78442,-16.91586,-36.4939
2.86E+08,-22.62508,146.20345,-52.00254,173.36316,23.91362,145.96335,-16.09224,-38.0037
2.92E+08,-22.88749,136.10472,-55.30844,111.00906,23.91024,145.2364,-16.41081,-39.06438
2.98E+08,-22.03297,138.74918,-58.88677,-88.3189,23.88762,144.37143,-16.4173,-34.87329
3.04E+08,-23.2967,141.04387,-47.73787,-14.05357,23.89755,143.5527,-16.80156,-39.02725
3.10E+08,-23.33173,140.17633,-51.98531,-179.46034,23.89395,142.79901,-16.72533,-40.19034
3.15E+08,-24.22328,136.50726,-45.46159,115.90103,23.8953,141.90587,-16.26278,-41.13633
3.21E+08,-23.24572,134.66336,-45.9074,-179.80562,23.89976,141.40254,-16.30251,-40.76263
3.27E+08,-23.90109,134.05989,-48.55277,80.59396,23.89327,140.28967,-16.55225,-41.3891
3.33E+08,-23.85664,135.63678,-49.33842,-52.07291,23.89026,139.64095,-16.0825,-44.16179
3.39E+08,-23.23591,137.74838,-45.93486,4.1672,23.87282,139.12239,-15.91072,-43.84521
3.45E+08,-23.54031,127.97854,-58.68889,-24.09381,23.8701,138.22649,-16.49461,-44.96444
3.51E+08,-23.78553,131.46373,-45.22673,155.3598,23.87054,137.67641,-16.32874,-45.70123
3.57E+08,-23.216,132.73868,-46.79246,143.26556,23.88475,136.81578,-16.42421,-44.61048
3.63E+08,-23.26525,131.74352,-50.87434,-139.39848,23.89834,136.10902,-16.1416,-49.17826
3.69E+08,-23.95905,134.11516,-47.36401,128.44548,23.87478,135.32829,-16.71576,-47.47113
3.75E+08,-23.33075,127.25424,-54.69687,-20.96017,23.89822,134.33354,-16.23872,-45.45266
3.81E+08,-23.92433,122.02248,-51.99791,158.41469,23.90901,133.68874,-16.26561,-47.17756
3.87E+08,-23.11649,129.11975,-57.85046,113.77215,23.88526,133.07202,-16.19687,-49.09144
3.93E+08,-24.05601,137.49898,-43.20992,131.41502,23.87814,132.22662,-15.91799,-49.77312
3.99E+08,-23.84525,121.45058,-39.83137,5.38465,23.92221,131.49245,-16.67377,-52.63779
4.05E+08,-24.41898,129.18063,-47.11776,-46.9283,23.91379,130.82224,-16.60615,-53.05873
4.11E+08,-23.91614,115.81594,-50.10879,21.39511,23.9205,129.8951,-16.74932,-50.16386
4.17E+08,-23.07707,120.38778,-51.39148,92.46757,23.93228,129.2691,-16.78022,-55.65535
4.23E+08,-23.81734,118.90119,-46.4612,146.42044,23.9052,128.55807,-16.12026,-53.298
4.29E+08,-24.55591,125.34456,-44.12452,-130.6523,23.91057,127.63199,-15.97581,-58.14695
4.35E+08,-22.94981,116.28878,-42.74337,-142.01404,23.89495,126.89661,-15.92013,-60.10726
4.41E+08,-23.5512,112.98593,-49.54887,-2.57358,23.94692,126.09736,-16.93289,-58.26624
4.47E+08,-23.01676,111.82794,-49.78511,-55.65617,23.92271,125.19482,-16.69557,-59.42184
4.53E+08,-24.71874,110.51642,-43.88119,-167.70537,23.92263,124.39423,-16.02181,-58.15214
4.59E+08,-24.96692,118.26641,-62.77377,132.06921,23.94559,123.57068,-16.50164,-57.16849
4.65E+08,-23.29821,115.61375,-59.45838,-21.48296,23.91594,123.04854,-16.21896,-58.70095
4.71E+08,-23.67952,113.85145,-53.47776,109.9138,23.92109,122.24445,-16.2443,-58.84063
4.77E+08,-24.32152,115.94351,-44.26916,-96.94066,23.91495,121.57455,-16.09648,-64.16943
4.83E+08,-25.35979,114.71066,-46.4612,-133.22116,23.90818,120.88923,-15.67954,-62.4209
4.89E+08,-23.89486,113.68864,-49.02883,6.6784,23.90914,119.89542,-16.16037,-64.74054
4.95E+08,-25.66262,113.95689,-51.84977,106.37683,23.91338,119.25467,-16.46128,-62.76109
5.01E+08,-24.12208,116.91821,-47.18874,-57.64296,23.93322,118.73756,-16.19842,-64.39995
5.07E+08,-24.7341,116.84747,-53.83781,92.17397,23.94822,117.6685,-16.53444,-66.20783
5.13E+08,-23.90046,103.89281,-54.49113,130.38701,23.94637,116.9642,-16.07809,-67.34309
5.19E+08,-24.25325,111.01834,-44.98603,-5.78061,23.95692,115.96473,-16.82408,-65.73664
5.25E+08,-24.13971,109.80806,-52.36629,59.59291,23.94382,115.34512,-16.02514,-70.16898
5.31E+08,-24.46998,105.92561,-47.27162,41.59684,23.93028,114.49421,-16.02526,-69.47732
5.37E+08,-24.06337,104.20984,-50.24725,51.06586,23.94603,113.77718,-16.60296,-66.38223
5.43E+08,-26.15524,107.14264,-55.89713,149.82095,23.95542,113.1898,-16.44896,-69.82537
5.49E+08,-23.43467,106.06388,-46.62391,151.21431,23.92431,112.40677,-16.37083,-69.7282
5.55E+08,-25.30766,103.76196,-52.89667,-43.4631,23.96534,111.65324,-16.3538,-71.23986
5.61E+08,-25.26818,95.09821,-55.89933,44.51496,23.95253,110.80844,-16.26388,-74.61386
5.67E+08,-26.25551,104.19117,-51.24036,8.6778,23.92555,110.1615,-15.88439,-71.30505
5.73E+08,-26.55341,92.32318,-44.37839,61.05747,23.95389,109.21827,-16.29278,-76.38541
5.79E+08,-24.25527,92.35442,-41.00608,-74.56679,23.97664,108.40974,-15.69076,-76.37846
5.85E+08,-24.88698,96.39917,-50.39069,-1.27261,23.96124,107.92469,-16.09821,-76.28318
5.91E+08,-26.1487,93.54134,-45.18087,164.17134,23.97491,107.08704,-16.22084,-75.39353
5.97E+08,-24.21811,97.17864,-50.34111,46.5271,23.96554,106.28035,-16.07162,-75.72056
6.03E+08,-24.60331,104.98256,-46.00778,62.81739,23.96766,105.39894,-16.06025,-76.14184
6.09E+08,-26.38439,93.45192,-48.13543,-143.07231,23.95762,104.71191,-16.59147,-78.18262
6.15E+08,-25.13388,101.76795,-47.38429,115.82059,23.95153,103.86035,-15.92467,-74.85789
6.21E+08,-25.85126,101.94914,-42.59683,-123.44458,23.98006,103.09662,-15.98062,-80.94619
6.27E+08,-26.72346,98.79085,-47.53297,-30.16264,23.94814,102.34236,-16.39743,-79.40163
6.33E+08,-23.86155,94.14588,-44.96834,178.61029,23.97736,101.60092,-16.17996,-81.13113
6.39E+08,-26.02293,94.14667,-50.87425,38.18895,23.99379,100.95948,-16.06675,-82.36693
6.45E+08,-26.21363,97.20944,-49.04543,-39.9145,23.96833,100.19121,-16.36565,-79.94434
6.51E+08,-27.10463,92.67311,-51.04074,-26.46684,23.9742,99.47406,-15.86997,-81.47698
6.57E+08,-27.45271,84.72894,-47.56249,98.16468,23.97771,98.4818,-16.70286,-83.23305
6.63E+08,-26.38776,96.83125,-51.46895,-46.20202,24.00368,97.77116,-15.99945,-84.412
6.69E+08,-26.88579,83.79547,-46.28468,76.71352,23.98931,97.25463,-16.00592,-81.77156
6.75E+08,-27.22447,80.22522,-57.4072,143.54404,23.97983,96.16518,-16.14284,-84.72978
6.81E+08,-26.98622,84.99852,-40.49649,147.93019,23.97439,95.54482,-16.04118,-85.49668
6.87E+08,-26.6238,90.12411,-44.92969,-103.63281,23.97292,94.81742,-16.0005,-86.75244
6.93E+08,-27.38068,81.12214,-54.15339,-65.56577,23.99513,93.97263,-15.80224,-87.0916
6.99E+08,-27.49621,81.9035,-48.58107,-175.2132,23.99063,93.06127,-16.36265,-89.16274
7.05E+08,-24.76508,86.05873,-52.02972,-97.836,24.00062,92.4362,-16.39984,-91.52467
7.11E+08,-27.40208,81.16841,-51.38714,37.3369,24.01761,91.57588,-15.87186,-88.96381
7.17E+08,-28.81535,85.82217,-46.63767,-175.14766,23.98226,90.88102,-16.06799,-92.78151
7.23E+08,-28.78625,87.00932,-47.65174,59.14317,23.98112,90.02999,-15.8627,-94.4122
7.29E+08,-26.80372,73.69974,-49.1454,-142.47401,24.01206,89.33345,-15.85496,-90.54954
7.35E+08,-27.66495,89.10507,-49.00503,175.90382,24.00048,88.45418,-15.78613,-91.6751
7.41E+08,-29.47064,95.10435,-48.68119,118.76987,23.98721,87.79928,-16.38553,-93.72281
7.47E+08,-28.69348,92.73459,-45.29094,-164.63104,23.99041,87.10901,-16.01158,-92.43024
7.53E+08,-27.705,86.62621,-46.84274,35.81505,24.01457,86.32838,-16.49636,-92.41686
7.59E+08,-27.20447,92.64392,-45.18803,113.47212,23.9899,85.47951,-15.87104,-97.58444
7.65E+08,-27.95427,86.57694,-55.03406,-150.11502,24.01839,84.79768,-15.67395,-99.07264
7.71E+08,-29.4641,71.57959,-54.25546,-73.16617,23.98433,83.84235,-15.67204,-96.88415
7.77E+08,-31.79571,74.94717,-51.33689,152.17569,23.99464,83.07713,-16.54559,-99.52548
7.83E+08,-30.17686,84.37389,-48.50246,22.61193,24.02203,82.33745,-15.95625,-100.28831
7.89E+08,-29.41663,70.13059,-50.69079,-33.94286,24.00776,81.50413,-15.59641,-101.31219
7.95E+08,-28.87088,71.00923,-44.88197,154.03673,23.99586,81.0338,-16.21717,-102.11371
8.01E+08,-31.55975,80.77666,-42.92074,171.72945,24.01548,80.25999,-15.96711,-99.95255
8.07E+08,-28.97024,72.14512,-52.74458,47.69893,24.00438,79.31855,-15.80617,-103.31593
8.13E+08,-26.89685,74.66351,-44.51481,-70.78292,24.01901,78.54329,-16.37076,-101.84727
8.19E+08,-28.97894,94.94484,-44.84483,68.98933,23.99525,77.7199,-15.79413,-104.04411
8.25E+08,-30.71451,82.27324,-56.49088,-49.58797,24.01602,77.06545,-16.29754,-103.25085
8.31E+08,-29.19394,88.80497,-45.20572,95.70501,24.02552,76.22303,-15.72921,-105.10829
8.37E+08,-30.76782,66.93328,-47.83724,-21.47532,24.01206,75.45865,-15.90206,-104.78578
8.43E+08,-30.32827,70.01122,-52.06715,51.85336,24.03684,74.6973,-16.28881,-104.73135
8.49E+08,-32.85432,88.63602,-53.35686,4.00887,23.99977,73.93307,-15.81373,-109.64906
8.55E+08,-29.25085,89.67539,-59.95201,-22.68837,24.00803,73.12673,-15.58183,-109.05973
8.61E+08,-31.24326,78.4014,-57.49812,58.30196,24.02162,72.52385,-15.77838,-109.74603
8.67E+08,-29.29553,74.66192,-52.69125,-140.69122,24.02668,71.69857,-15.60648,-111.4453
8.73E+08,-33.73888,53.92222,-43.014,99.76689,24.02562,70.85396,-15.84998,-113.18857
8.79E+08,-33.3656,55.70083,-48.57049,136.26031,24.03482,70.0104,-15.82296,-109.80193
8.85E+08,-30.49854,68.31136,-48.26255,-165.11453,24.03046,69.36411,-15.86381,-111.29037
8.91E+08,-33.52857,86.64294,-60.61171,177.77072,24.03477,68.51126,-15.57706,-110.7416
8.97E+08,-31.21013,86.11041,-56.83011,67.98888,24.02944,67.80979,-15.69849,-113.64878
9.03E+08,-31.93628,82.43945,-43.74666,87.60698,24.03682,66.92706,-16.0646,-114.0582
9.09E+08,-32.8485,85.34657,-52.64767,141.60275,24.00588,66.17884,-15.79851,-115.5521
9.14E+08,-32.75467,77.73272,-54.11897,-162.02101,24.02913,65.44684,-15.8888,-116.45397
9.20E+08,-32.37326,81.10414,-47.47519,-176.47919,24.02136,64.5992,-15.84164,-114.50278
9.26E+08,-31.72354,73.98849,-44.05856,48.02501,24.03218,64.03118,-15.77385,-116.52307
9.32E+08,-37.99732,81.0092,-47.67748,-74.98074,24.02613,63.21787,-15.70477,-120.51529
9.38E+08,-32.42722,88.38744,-44.46656,176.54865,24.02658,62.33466,-15.66269,-119.21458
9.44E+08,-32.74826,97.71948,-43.8765,-53.27919,24.02951,61.66177,-15.77838,-119.10237
9.50E+08,-36.17269,72.41948,-50.52895,131.6474,24.02174,60.91874,-15.6329,-121.95714
9.56E+08,-30.67006,81.26521,-42.48378,-124.30838,24.04652,60.05701,-15.33198,-119.049
9.62E+08,-32.3905,80.93848,-46.96038,-99.77516,24.01583,59.23181,-15.66288,-121.28448
9.68E+08,-32.1315,90.29697,-47.89281,-0.0161,24.04681,58.44642,-16.02963,-121.15988
9.74E+08,-33.72279,106.05794,-44.61193,125.96276,24.04728,57.66937,-15.94709,-122.5453
9.80E+08,-35.19722,84.48264,-50.85741,-133.32085,24.04962,56.85043,-15.85552,-124.1768
9.86E+08,-36.1606,100.97902,-52.90212,113.50547,24.03316,56.20982,-15.63607,-125.65174
9.92E+08,-35.39489,89.41674,-51.3261,-169.10919,24.04567,55.08844,-15.92628,-125.03062
9.98E+08,-31.18065,85.27039,-42.09774,136.58675,24.05198,54.70774,-15.73859,-126.67661
1.00E+09,-38.80461,98.65271,-59.61525,27.21517,24.04522,53.85125,-15.30246,-129.07361
1.01E+09,-34.69554,74.50071,-50.10063,155.06458,24.05929,53.03925,-15.64547,-128.0502
1.02E+09,-39.54116,87.07982,-49.5662,71.01917,24.0494,52.37688,-15.81957,-130.01944
1.02E+09,-37.07286,109.85757,-56.21639,-178.8562,24.03939,51.37921,-15.28684,-130.26225
1.03E+09,-36.55666,70.71103,-54.78741,125.95141,24.06536,50.77645,-15.27793,-130.09673
1.03E+09,-42.66595,151.48532,-42.60706,134.94006,24.08022,50.03923,-15.6004,-130.52458
1.04E+09,-36.26309,121.16534,-60.72187,-126.716,24.0513,49.22027,-15.06719,-132.91209
1.05E+09,-35.44177,95.89226,-60.07925,26.71024,24.05969,48.34128,-15.3567,-131.25485
1.05E+09,-35.9315,108.62664,-54.16531,93.50346,24.06763,47.68222,-15.41869,-130.8423
1.06E+09,-36.32047,73.97696,-50.62752,-57.22435,24.0591,46.99718,-16.09335,-133.56863
1.06E+09,-34.17004,109.23081,-56.16211,142.70494,24.05826,46.03085,-15.65996,-136.25027
1.07E+09,-34.48225,93.13792,-44.37327,85.27537,24.06672,45.27119,-15.52776,-135.64005
1.08E+09,-38.17762,115.70757,-47.06576,-4.05061,24.04527,44.58557,-15.36929,-135.74309
1.08E+09,-33.39073,125.85741,-47.30803,-61.91823,24.05563,43.66419,-15.72382,-138.17381
1.09E+09,-32.13736,99.38399,-50.07057,-162.25136,24.05775,42.99957,-15.52573,-137.70802
1.09E+09,-37.48997,88.62899,-48.77898,124.87572,24.0507,42.00233,-15.57991,-140.5047
1.10E+09,-30.26011,132.78409,-53.52129,-24.64709,24.05239,41.30695,-15.49963,-138.10167
1.11E+09,-43.11294,129.37402,-46.92211,88.61,24.06736,40.4451,-15.69883,-138.43605
1.11E+09,-33.38187,128.95576,-48.01004,-174.86765,24.05785,39.8949,-15.18148,-140.00464
1.12E+09,-46.74605,76.07701,-55.21512,29.93114,24.05271,38.96593,-15.61164,-140.88013
1.12E+09,-31.59728,152.80669,-46.12038,154.86119,24.06467,38.18711,-15.34575,-143.02716
1.13E+09,-33.89332,143.81384,-72.70331,-116.29984,24.03947,37.60647,-16.02858,-144.96198
1.14E+09,-36.35955,159.47162,-46.72852,-60.95647,24.06457,36.75303,-15.27728,-140.47902
1.14E+09,-34.60331,152.60365,-56.79962,-84.87105,24.05489,35.94066,-15.41273,-146.44174
1.15E+09,-34.67046,133.78371,-55.26852,-11.21938,24.04662,35.00304,-15.58718,-146.61415
1.15E+09,-34.66559,148.79555,-50.94285,-176.16211,24.05164,34.27851,-15.59131,-146.26936
1.16E+09,-35.22227,162.40109,-62.08098,-64.12066,24.04288,33.45358,-15.50968,-147.28203
1.17E+09,-34.48991,154.28273,-49.88345,134.07217,24.03903,32.72449,-15.24487,-146.08754
1.17E+09,-34.62514,121.40004,-44.41523,-115.03304,24.03394,31.99053,-15.30796,-148.4808
1.18E+09,-32.68819,125.89091,-43.06522,-105.94143,24.04206,31.25668,-15.43402,-149.40202
1.18E+09,-30.45691,130.25624,-53.69605,103.5921,24.03966,30.38893,-15.29293,-148.55231
1.19E+09,-35.15152,159.59767,-64.24548,-107.26627,24.02882,29.67635,-15.22642,-149.257
1.20E+09,-31.53597,139.59258,-50.08818,-52.19663,24.02629,29.04121,-15.74607,-149.67261
1.20E+09,-31.29036,146.68259,-42.85713,174.22154,24.02328,28.23133,-15.08315,-150.62823
1.21E+09,-32.7721,146.26115,-48.28454,79.1414,24.02745,27.31497,-15.37435,-151.36839
1.21E+09,-32.51676,157.0529,-48.90424,69.74999,24.03131,26.44625,-15.27763,-154.39801
1.22E+09,-30.51922,148.85207,-48.18587,-116.19147,24.00477,25.99576,-14.90436,-153.67747
1.23E+09,-30.78445,153.26276,-45.18334,9.39235,24.0143,25.20504,-14.59601,-155.04172
1.23E+09,-29.86536,141.5571,-48.58563,148.72331,24.01479,24.32745,-15.27971,-158.79056
1.24E+09,-28.41928,159.08897,-51.67269,-19.96195,24.0188,23.64522,-14.94141,-154.9198
1.24E+09,-29.0132,152.77077,-47.94191,-33.78023,24.0279,22.75593,-14.709,-155.39531
1.25E+09,-30.0302,144.37582,-47.44145,-8.65883,24.02875,21.95593,-14.91635,-157.50172
1.26E+09,-29.04495,153.94685,-60.59525,27.81868,24.03231,21.10318,-15.06566,-158.36176
1.26E+09,-27.67795,159.27434,-50.1037,102.81456,24.03686,20.32392,-14.80736,-156.60616
1.27E+09,-29.45022,144.48814,-55.90432,96.52,24.032,19.54672,-15.01486,-159.87045
1.27E+09,-29.2995,152.29485,-84.16393,131.64615,24.02364,18.79328,-15.1015,-159.21286
1.28E+09,-28.14191,162.45792,-47.06484,157.19556,24.00669,17.97663,-15.35208,-160.7
1.29E+09,-28.85159,155.18379,-51.14716,-28.04444,24.01668,17.09664,-15.08144,-160.10156
1.29E+09,-28.80453,154.07222,-53.60466,-177.92772,24.03475,16.40819,-14.75494,-162.12146
1.30E+09,-29.67187,150.26015,-54.04218,52.42897,24.00998,15.63814,-14.98992,-161.68304
1.30E+09,-29.23405,150.62848,-47.85543,69.85702,24.00928,15.01324,-14.70654,-164.92236
1.31E+09,-27.18411,142.1967,-60.90694,10.88361,23.99646,14.30941,-14.86454,-165.09062
1.32E+09,-26.9243,144.81287,-48.36246,-167.76425,24.03811,13.38091,-14.64597,-163.80174
1.32E+09,-28.87673,147.66873,-45.93323,165.67061,24.0066,12.62957,-14.60519,-167.15323
1.33E+09,-25.96407,147.8551,-44.71552,-15.08398,24.02702,11.91652,-14.92611,-164.31046
1.33E+09,-26.39198,147.33009,-48.7333,-66.43973,24.00761,11.13392,-14.45257,-166.7298
1.34E+09,-26.4948,155.23555,-52.44531,128.38649,24.00115,10.1387,-14.50101,-165.49844
1.35E+09,-26.74737,147.36269,-46.37099,37.61882,24.00615,9.483,-14.75882,-167.5804
1.35E+09,-25.99031,151.86363,-47.1366,-164.78781,23.98626,8.76289,-14.63351,-170.10722
1.36E+09,-25.67546,143.31192,-47.56899,84.47146,24.02168,7.86622,-14.88112,-170.02417
1.36E+09,-26.7175,140.56502,-44.92623,145.82527,23.99215,6.97734,-14.8783,-170.99342
1.37E+09,-27.34691,157.5984,-49.27236,-24.54695,23.98651,6.26047,-14.73157,-168.84877
1.38E+09,-25.23245,147.02711,-45.80362,114.9669,23.99507,5.52881,-14.7815,-171.48123
1.38E+09,-26.62604,143.013,-56.73248,131.76233,23.97087,4.87715,-14.89281,-171.45683
1.39E+09,-25.18381,149.45807,-44.06065,-55.13155,23.97803,4.10789,-14.53011,-174.82137
1.39E+09,-24.64422,151.83061,-49.84072,-69.69457,23.96707,3.10935,-14.48093,-173.44688
1.40E+09,-25.70969,143.44736,-51.06596,-53.88304,23.96003,2.54995,-14.49457,-174.94279
1.41E+09,-23.66989,145.01837,-45.55163,-11.207,23.97698,1.67855,-14.4512,-172.98582
1.41E+09,-24.52953,156.29785,-57.57416,128.5748,23.97834,0.87254,-13.94067,-174.01363
1.42E+09,-25.10138,142.86455,-56.85289,128.18787,23.95484,0.15137,-14.29246,-174.73254
1.42E+09,-23.84343,152.65729,-49.71216,-103.31678,23.9675,-0.59679,-14.34146,-172.83116
1.43E+09,-24.28943,144.09822,-47.92014,90.99617,23.96334,-1.41125,-13.9556,-176.24817
1.44E+09,-24.07906,142.89079,-57.21564,179.55698,23.97805,-2.24138,-14.54478,-178.30045
1.44E+09,-24.70875,150.23582,-50.00708,93.71247,23.95432,-2.84126,-14.32211,-177.62471
1.45E+09,-23.5115,144.77629,-50.15022,-75.90192,23.98523,-3.64729,-14.44647,-179.15157
1.45E+09,-22.48025,146.08713,-46.70415,-106.90562,23.9774,-4.24999,-14.07162,-179.75441
1.46E+09,-23.63816,140.42735,-46.41169,-142.02722,23.97378,-5.3298,-14.0181,179.41501
1.47E+09,-23.41764,149.2722,-49.2735,74.85043,23.97362,-6.24979,-14.27016,-179.91864
1.47E+09,-22.82945,144.03549,-52.04983,-36.04904,23.95687,-6.77154,-13.9307,178.35793
1.48E+09,-23.64022,141.36852,-50.1566,164.23936,23.96092,-7.68501,-14.07263,178.81171
1.48E+09,-22.62617,140.79115,-52.36856,-54.21409,23.94829,-8.52643,-13.75357,177.65036
1.49E+09,-22.38148,137.73445,-52.66595,158.53928,23.94811,-9.18702,-14.14599,175.67401
1.50E+09,-23.31087,142.97203,-54.98289,160.62434,23.93903,-9.84749,-14.22218,175.82196
1.50E+09,-23.67446,147.62489,-49.36634,-133.19128,23.94071,-10.55677,-14.32,174.16875
1.51E+09,-22.38594,140.19057,-53.91483,152.80345,23.94111,-11.43212,-14.10798,175.16177
1.51E+09,-21.81832,135.74739,-46.12448,168.09943,23.94427,-12.10108,-14.18103,173.875
1.52E+09,-22.49284,139.03358,-45.06693,166.69269,23.92087,-12.93883,-14.34826,174.78236
1.53E+09,-22.71586,136.74571,-45.24725,78.26614,23.91163,-13.67952,-13.98146,173.39977
1.53E+09,-21.77454,139.48471,-49.83403,-3.49793,23.93864,-14.62923,-13.8722,171.10498
1.54E+09,-22.39541,141.12596,-49.56314,86.12304,23.9291,-15.30518,-13.50917,172.38672
1.54E+09,-21.73617,136.37704,-48.06295,106.81306,23.92873,-16.22012,-13.53085,170.28183
1.55E+09,-22.78754,131.1862,-43.54143,-176.06,23.93561,-16.91072,-13.73435,169.04219
1.56E+09,-22.04022,137.09732,-44.5626,143.44585,23.92814,-17.65988,-13.67243,169.84123
1.56E+09,-20.80937,138.56906,-47.76812,121.69286,23.89062,-18.49715,-13.88278,168.07028
1.57E+09,-21.02651,131.8298,-42.87279,61.83601,23.92573,-19.20378,-13.78239,166.64616
1.57E+09,-20.63964,131.36647,-46.07171,99.07055,23.90261,-19.89602,-14.31523,167.74475
1.58E+09,-21.63365,129.86388,-55.55021,82.92051,23.92392,-20.72849,-13.9574,168.03587
1.59E+09,-21.37084,131.42613,-46.04551,77.98422,23.90639,-21.53818,-13.94083,165.71957
1.59E+09,-21.20725,131.14232,-47.60059,-60.47174,23.90564,-22.29907,-13.33116,166.57552
1.60E+09,-21.66423,131.83205,-47.44379,104.20033,23.88434,-23.13489,-13.9596,163.8222
1.60E+09,-20.54856,126.78844,-55.45823,-170.22169,23.90605,-23.93701,-13.92246,163.97165
1.61E+09,-21.50024,137.13206,-43.93683,61.71506,23.91715,-24.515,-13.33178,165.76123
1.62E+09,-20.57738,126.5279,-49.036,-113.01039,23.91079,-25.44916,-13.55607,161.72372
1.62E+09,-21.02053,133.24048,-58.65561,72.42429,23.89497,-26.13122,-13.55502,162.17114
1.63E+09,-19.97693,131.91379,-45.04737,91.20014,23.91425,-26.85103,-13.70814,164.0146
1.63E+09,-20.27782,126.32271,-42.65609,-63.52928,23.89442,-27.63553,-13.46989,159.88959
1.64E+09,-19.84611,125.22939,-48.66275,36.26319,23.91301,-28.60841,-13.42321,163.31209
1.65E+09,-19.60129,127.68013,-53.24111,-161.90996,23.90863,-29.28203,-13.66805,160.24452
1.65E+09,-19.58787,126.07163,-56.04159,4.29436,23.88414,-30.07414,-13.56068,159.57855
1.66E+09,-20.53484,124.73489,-42.10692,105.97095,23.88977,-30.76287,-13.59447,156.34808
1.66E+09,-19.85154,126.30497,-50.02135,158.80017,23.89494,-31.5178,-13.56933,156.18594
1.67E+09,-19.51174,128.04424,-53.36064,39.29036,23.88867,-32.41656,-13.61438,157.79485
1.68E+09,-19.09247,125.81275,-49.98446,-73.6993,23.88212,-33.10764,-13.17445,157.28658
1.68E+09,-19.2068,122.75698,-53.80858,176.46965,23.89989,-33.85767,-13.40197,154.91086
1.69E+09,-19.22187,120.6289,-55.75437,47.19361,23.88291,-34.79598,-13.43472,154.71146
1.69E+09,-18.85285,118.16539,-48.66512,-1.94361,23.89435,-35.59724,-13.47419,155.02663
1.70E+09,-19.69247,118.14935,-62.52118,-179.76001,23.8825,-36.34475,-13.05878,153.60477
1.71E+09,-18.87578,119.61512,-47.1395,18.52809,23.89828,-37.08973,-13.20237,153.66533
1.71E+09,-19.1432,117.20449,-56.15088,2.45256,23.87478,-37.9394,-13.51263,153.18245
1.72E+09,-19.57678,120.46569,-41.83387,-112.66993,23.86275,-38.7347,-13.50532,151.64139
1.72E+09,-18.55325,115.68446,-45.53661,112.50986,23.88881,-39.37942,-13.5329,153.20102
1.73E+09,-19.4416,119.16183,-47.24773,-16.81411,23.8426,-40.12756,-13.40824,151.6514
1.74E+09,-18.8973,115.28152,-52.30736,-112.39362,23.84037,-40.96478,-13.24038,149.66908
1.74E+09,-19.17491,111.92247,-39.63151,175.20207,23.84606,-41.7176,-13.29009,149.13487
1.75E+09,-18.63215,118.58651,-53.59716,-93.81792,23.85097,-42.53452,-13.48495,148.21866
1.75E+09,-18.66068,112.83075,-43.39764,-130.65353,23.86927,-43.31329,-13.35997,147.73674
1.76E+09,-18.4779,117.37528,-50.44518,-101.32117,23.8588,-44.15174,-13.12282,147.41267
1.77E+09,-18.63101,112.58874,-43.89994,-170.68874,23.86361,-45.0044,-13.3291,148.07335
1.77E+09,-18.27842,114.40422,-51.53691,89.09335,23.84932,-45.68829,-13.34525,147.1779
1.78E+09,-18.40976,114.47266,-66.78063,27.85443,23.8367,-46.45098,-13.35102,147.90134
1.78E+09,-18.83818,111.06198,-52.21522,-59.77803,23.81177,-47.25825,-13.05044,144.44405
1.79E+09,-18.06018,113.43413,-48.94688,113.94522,23.83844,-47.91721,-13.37529,145.39333
1.80E+09,-18.23684,111.15974,-46.258,82.73514,23.82685,-48.84816,-13.35044,144.83223
1.80E+09,-18.37546,109.27471,-48.64061,145.25067,23.82112,-49.36897,-13.25839,142.01997
1.81E+09,-18.13299,112.49252,-45.49956,-159.19606,23.81594,-50.3441,-13.22777,143.24878
1.81E+09,-18.22729,106.86552,-43.26014,59.80751,23.8221,-51.12552,-13.05396,142.43791
1.82E+09,-17.76702,110.16904,-44.03186,-56.56806,23.81036,-51.9867,-13.26377,141.5325
1.82E+09,-18.01938,106.76022,-51.52349,159.3983,23.8289,-52.69687,-13.2426,141.61339
1.83E+09,-17.87574,106.31343,-48.27597,-147.74153,23.81322,-53.39949,-12.7409,142.07739
1.84E+09,-18.29741,104.01765,-53.7613,151.10016,23.82126,-54.42627,-12.85015,139.33537
1.84E+09,-17.58952,105.86815,-55.85107,-52.90514,23.78097,-55.05522,-14.06559,146.40802
1.85E+09,-17.38202,103.51594,-58.02463,134.12209,23.81002,-55.8337,-14.02811,139.88295
1.85E+09,-17.54695,103.83474,-59.53659,-86.35439,23.81578,-56.64889,-12.72878,137.46762
1.86E+09,-16.6877,103.39151,-41.6156,-22.7945,23.7833,-57.44021,-12.89304,136.97301
1.87E+09,-17.76648,105.23808,-45.61768,124.87552,23.79373,-58.31073,-13.13032,138.97746
1.87E+09,-17.50875,103.41643,-53.22319,126.27988,23.78421,-59.00902,-12.79404,135.26865
1.88E+09,-17.01435,98.99436,-49.07867,117.54266,23.78843,-59.67754,-13.16499,136.66901
1.88E+09,-17.15757,103.92223,-45.31927,164.78722,23.78309,-60.50865,-13.25596,135.16629
1.89E+09,-17.39908,100.21351,-46.60116,25.38665,23.75186,-61.3824,-13.31526,134.0587
1.90E+09,-17.65733,99.87835,-47.30564,46.05722,23.77371,-62.10549,-13.0431,134.29019
1.90E+09,-17.63437,101.58257,-49.1594,60.65304,23.76306,-62.93169,-12.93283,133.14107
1.91E+09,-16.66361,99.33794,-51.86327,-55.75685,23.75711,-63.66137,-12.80694,133.64407
1.91E+09,-16.56415,95.14978,-46.68484,-133.28751,23.76682,-64.31734,-12.97835,132.48869
1.92E+09,-17.24265,99.19551,-54.74487,119.92531,23.75528,-65.35626,-12.67117,132.4274
1.93E+09,-16.9951,95.67203,-52.38967,173.25906,23.7409,-66.1693,-12.90512,130.64621
1.93E+09,-17.22172,93.69685,-45.86274,-118.7216,23.7429,-66.73716,-12.67057,128.79724
1.94E+09,-16.89063,96.00983,-54.27703,91.95455,23.74737,-67.56503,-12.80845,130.91101
1.94E+09,-16.70043,94.14498,-45.00388,-85.66387,23.74546,-68.5405,-13.15636,128.53647
1.95E+09,-16.75455,96.63676,-48.5922,-49.08672,23.72688,-69.15044,-12.73775,127.57662
1.96E+09,-16.90198,94.29192,-53.34561,-177.15678,23.7286,-69.81913,-12.72709,128.07649
1.96E+09,-16.53483,91.20803,-50.3461,164.96439,23.73726,-70.72228,-12.62103,127.55571
1.97E+09,-16.23458,93.05206,-55.72758,28.59892,23.74105,-71.47404,-12.74393,127.33638
1.97E+09,-16.08721,87.63947,-45.43924,-150.90303,23.73861,-72.29208,-12.65333,127.14863
1.98E+09,-16.82003,92.41322,-48.14547,178.27533,23.70698,-73.21345,-12.64573,126.73162
1.99E+09,-16.60452,88.06764,-49.1831,141.44484,23.69769,-74.01517,-12.82156,124.05237
1.99E+09,-16.1137,89.61785,-54.87394,-79.82591,23.70914,-74.674,-12.68051,123.20856
2.00E+09,-16.50986,89.08701,-51.82315,103.67554,23.69628,-75.53048,-12.99368,123.58848
2.00E+09,-16.40371,87.5463,-52.18428,-89.25349,23.70222,-76.163,-12.88917,123.89867
2.01E+09,-16.11309,86.43306,-51.16991,66.20551,23.69813,-77.00941,-13.04505,122.82041
2.02E+09,-16.21296,86.53912,-45.80355,120.1357,23.69159,-77.74431,-13.0297,124.11947
2.02E+09,-16.09579,85.53486,-48.39484,69.13017,23.70451,-78.63635,-12.87156,121.97372
2.03E+09,-16.38483,83.39726,-50.4001,114.37015,23.67197,-79.38,-12.71405,120.79099
2.03E+09,-16.02571,85.81062,-45.47709,159.36736,23.67464,-80.09497,-12.7257,121.231
2.04E+09,-15.81176,84.19743,-42.43456,131.97723,23.6434,-80.95616,-12.67091,120.29704
2.05E+09,-16.0382,83.72881,-48.97328,-13.42651,23.65718,-81.57935,-12.7054,120.09981
2.05E+09,-15.98508,82.14734,-51.06902,-109.62403,23.6551,-82.49081,-12.69866,118.45391
2.06E+09,-16.527,82.80535,-43.45509,143.46393,23.6237,-83.09841,-12.51655,116.42928
2.06E+09,-15.95393,80.53603,-47.5789,-154.44437,23.67533,-83.97932,-12.52528,117.63409
2.07E+09,-15.55032,82.31153,-48.71252,49.16608,23.64532,-84.76046,-12.58827,116.87963
2.08E+09,-15.86892,84.4222,-48.06383,77.59977,23.61544,-85.43044,-12.67945,117.04461
2.08E+09,-15.79648,79.96936,-47.70683,152.6337,23.64283,-86.32073,-12.86221,115.98191
2.09E+09,-15.47808,80.18924,-49.64033,66.669,23.59886,-87.02149,-12.70074,114.9994
2.09E+09,-15.53754,78.20557,-51.64365,80.05564,23.60624,-88.0601,-12.60911,113.55521
2.10E+09,-15.78822,77.14555,-50.32249,172.61513,23.584,-88.58601,-12.87604,110.77448
2.11E+09,-15.83689,77.4578,-45.32756,92.87376,23.5838,-89.37321,-12.43579,113.3875
2.11E+09,-15.46088,76.69644,-52.72652,-154.69405,23.57558,-90.06638,-12.59233,113.00187
2.12E+09,-15.01063,74.89955,-46.94177,-126.47884,23.58783,-90.83185,-12.62126,112.85668
2.12E+09,-15.62046,77.06896,-52.63685,179.52,23.58493,-91.78655,-12.46885,111.29239
2.13E+09,-15.45979,74.21642,-48.22984,163.15417,23.57933,-92.49551,-12.43677,111.01564
2.14E+09,-15.02718,75.65063,-44.05045,-28.63388,23.55941,-93.30086,-12.64953,110.5684
2.14E+09,-15.13652,74.77489,-60.30015,45.84989,23.59355,-94.05285,-12.53979,109.85395
2.15E+09,-15.71613,70.57816,-44.85621,-166.29158,23.5747,-95.0571,-12.14427,107.41282
2.15E+09,-15.98356,69.72368,-43.96975,-157.25458,23.56213,-95.50546,-12.28208,106.11584
2.16E+09,-15.17494,72.92409,-56.31134,-51.91615,23.5566,-96.4509,-12.38125,108.89846
2.17E+09,-15.68069,70.22819,-46.179,-68.62071,23.52898,-97.19171,-12.51835,106.44891
2.17E+09,-15.20621,72.45951,-48.37647,90.49012,23.54793,-98.08036,-12.71594,107.64915
2.18E+09,-15.18108,69.01778,-56.36677,-124.84476,23.55437,-98.89629,-12.44511,106.52573
2.18E+09,-14.81511,68.39655,-46.72868,130.75592,23.53,-99.64372,-12.56465,105.11667
2.19E+09,-15.12551,68.41473,-42.34718,152.44557,23.53927,-100.19227,-12.86315,105.03763
2.20E+09,-14.94633,68.01633,-55.97459,-35.0203,23.53896,-101.01093,-12.41652,102.10656
2.20E+09,-15.14503,69.14305,-52.17166,80.48692,23.50625,-102.01066,-12.42949,103.69788
2.21E+09,-14.84366,65.69057,-48.07361,-152.80223,23.50206,-102.56429,-12.3218,103.97407
2.21E+09,-15.26151,65.51994,-46.59318,123.9082,23.5037,-103.38285,-12.26816,103.25205
2.22E+09,-14.88829,65.86965,-62.74387,-2.55009,23.50008,-104.23489,-12.45449,100.69002
2.23E+09,-15.03397,68.25691,-45.57029,122.6796,23.52353,-104.91884,-12.54106,100.78662
2.23E+09,-14.65115,66.03973,-43.97818,51.89706,23.48158,-105.90073,-12.65157,101.11445
2.24E+09,-14.93093,66.20994,-42.87102,156.61443,23.47877,-106.71673,-12.46862,97.31253
2.24E+09,-14.89122,62.3579,-49.66192,26.95669,23.46784,-107.23713,-12.6479,98.03217
2.25E+09,-15.08912,62.18853,-55.75461,86.36089,23.47282,-108.01631,-12.73626,97.63942
2.26E+09,-14.67131,62.26444,-57.59678,-54.23523,23.4738,-108.91431,-12.31816,98.12514
2.26E+09,-14.73055,60.2019,-48.66116,171.23991,23.43746,-109.52332,-12.20594,96.51739
2.27E+09,-14.90023,60.86283,-51.06233,128.87761,23.46787,-110.35226,-12.22423,96.85694
2.27E+09,-14.86193,61.26791,-45.52186,74.18797,23.46914,-111.30128,-12.43758,96.06758
2.28E+09,-14.58236,61.29735,-47.94369,-10.65626,23.46088,-111.88586,-12.18004,94.86437
2.29E+09,-14.41547,60.37806,-51.53945,64.24504,23.44285,-112.86364,-12.11525,94.54085
2.29E+09,-15.02679,58.96628,-44.90294,154.67986,23.42146,-113.46473,-12.33545,94.82122
2.30E+09,-14.71532,55.93982,-53.57877,-174.27589,23.43749,-114.38976,-12.68223,93.56709
2.30E+09,-14.348,60.55762,-43.47742,87.70164,23.40031,-114.96497,-12.40542,93.57864
2.31E+09,-14.60147,56.43161,-53.13876,-135.97806,23.40179,-115.86613,-12.29604,91.87228
2.32E+09,-14.60976,54.78833,-51.41048,-89.6461,23.39197,-116.52975,-12.37576,91.18605
2.32E+09,-14.18094,55.10903,-45.94528,117.2283,23.40591,-117.25091,-12.26532,90.76991
2.33E+09,-14.54654,55.87477,-47.69089,-167.54749,23.39257,-118.12501,-12.43381,90.51701
2.33E+09,-14.15858,57.36315,-57.7182,-139.99893,23.39738,-118.80452,-12.29862,89.01278
2.34E+09,-14.58413,52.44861,-52.21179,147.8934,23.3401,-119.5429,-12.12867,91.07653
2.35E+09,-14.23982,49.6681,-46.68758,116.2561,23.35616,-120.46577,-12.57419,88.69365
2.35E+09,-14.75115,51.64648,-46.1599,88.48854,23.34093,-121.372,-12.15921,86.3389
2.36E+09,-14.54238,52.814,-52.05937,86.15778,23.3517,-121.92968,-11.95947,88.12487
2.36E+09,-14.09799,49.85729,-50.25207,41.5099,23.3425,-122.96172,-12.13281,87.56263
2.37E+09,-14.19606,48.40558,-52.4331,-165.25586,23.34993,-123.71761,-12.21505,85.45406
2.38E+09,-14.76027,48.56343,-48.65262,-151.12628,23.3149,-124.17921,-12.45001,85.87875
2.38E+09,-14.0586,50.3972,-54.267,78.03011,23.32918,-124.70972,-12.42973,85.45975
2.39E+09,-13.92649,48.2005,-44.12454,9.53057,23.31816,-125.83604,-12.32332,84.82602
2.39E+09,-14.39957,48.58159,-55.1694,116.70831,23.30248,-126.60831,-12.14628,82.77204
2.40E+09,-14.24919,46.28057,-62.46375,155.02448,23.28073,-127.35843,-12.13593,82.94859
2.41E+09,-13.69148,47.83661,-44.61121,116.8934,23.2671,-128.1666,-12.07185,83.58954
2.41E+09,-14.25391,46.23968,-48.41387,87.17009,23.28934,-129.06209,-12.28216,81.70212
2.42E+09,-14.06557,46.22763,-48.32665,145.46693,23.26693,-129.75964,-12.27018,80.49152
2.42E+09,-14.15962,42.71417,-48.68344,-173.1062,23.24819,-130.485,-12.29861,79.9445
2.43E+09,-14.71858,47.39778,-43.58062,51.2407,23.27582,-131.18317,-11.9234,78.56589
2.44E+09,-13.85244,45.59516,-42.77029,12.78485,23.27985,-131.88589,-12.19406,76.77162
2.44E+09,-13.95086,41.2236,-49.82206,-129.83961,23.24728,-132.68848,-12.08211,79.06973
2.45E+09,-14.53338,42.67306,-56.69713,141.94681,23.25465,-133.35381,-12.051,77.79501
2.45E+09,-13.7988,41.19211,-50.16155,14.35622,23.24781,-134.27464,-12.47174,76.80238
2.46E+09,-13.85491,44.43625,-43.32634,113.63621,23.22562,-135.02119,-12.07596,76.78352
2.47E+09,-13.96975,38.52889,-49.88987,30.2428,23.22367,-135.81642,-12.17479,75.6774
2.47E+09,-13.95286,39.97077,-51.40424,131.52832,23.21696,-136.35648,-12.18337,74.21156
2.48E+09,-13.69569,39.54695,-41.59244,56.37569,23.22458,-137.32408,-12.39907,74.19638
2.48E+09,-13.9369,40.14306,-50.64298,125.37032,23.21697,-138.06895,-11.90233,73.59702
2.49E+09,-14.08935,40.16452,-52.02519,-167.81601,23.21468,-138.8795,-12.33028,74.03687
2.50E+09,-14.1024,39.8227,-54.40797,65.70804,23.2065,-139.49905,-11.72759,73.96114
2.50E+09,-14.16824,35.21611,-42.754,98.78739,23.17635,-140.33849,-11.97783,71.81522
2.51E+09,-13.78804,36.08881,-52.37754,111.87576,23.2274,-141.09129,-11.8047,70.84025
2.51E+09,-13.802,36.15858,-49.73924,97.38432,23.1902,-141.85121,-12.01364,71.82172
2.52E+09,-14.0905,36.19759,-63.93262,161.91556,23.20923,-142.64499,-12.00637,71.85227
2.53E+09,-13.73123,35.85702,-48.72061,21.36103,23.1747,-143.39607,-11.90063,71.65569
2.53E+09,-13.78729,35.42944,-54.93892,101.28532,23.18107,-144.15074,-12.15978,71.0002
2.54E+09,-14.27789,36.52102,-44.96331,147.3795,23.18509,-145.07356,-12.22181,68.72855
2.54E+09,-13.89413,31.69546,-47.6042,-35.4845,23.14048,-145.83768,-12.13703,67.87756
2.55E+09,-13.5391,33.47268,-46.36681,139.56903,23.14024,-146.3179,-11.61774,69.96513
2.56E+09,-14.00614,28.3352,-44.9605,7.9727,23.14777,-147.26823,-12.04503,65.4263
2.56E+09,-13.77407,31.14091,-50.93166,-53.99988,23.12393,-147.91624,-12.14398,67.62927
2.57E+09,-13.81122,29.47632,-51.82359,76.51853,23.1136,-148.90875,-12.06794,63.7709
2.57E+09,-13.86222,29.99809,-55.50195,-176.64847,23.11178,-149.5657,-11.94709,63.91391
2.58E+09,-14.12542,27.68365,-44.77074,121.55193,23.08877,-150.38618,-12.16084,62.76149
2.59E+09,-14.0565,30.85616,-58.27594,99.68246,23.0981,-151.13264,-11.96935,63.44053
2.59E+09,-14.15668,30.07464,-44.22295,81.02098,23.0962,-151.93993,-12.01383,63.42725
2.60E+09,-13.76479,25.2505,-53.127,150.09265,23.0584,-152.73264,-11.74357,63.04396
2.60E+09,-14.42894,30.35991,-43.31919,124.08876,23.07776,-153.30977,-12.24777,60.92865
2.61E+09,-13.87416,29.02835,-47.04243,124.06443,23.05373,-154.09262,-11.65706,63.17132
2.62E+09,-13.69542,28.71706,-44.92638,114.24842,23.05376,-154.67676,-11.81787,62.30895
2.62E+09,-13.8925,23.79027,-51.04064,58.321,23.05543,-155.56601,-11.82286,60.94308
2.63E+09,-13.62886,24.92586,-49.18005,-160.20689,23.05195,-156.34485,-12.4452,59.78077
2.63E+09,-13.82427,25.50359,-53.08411,4.66223,23.05032,-157.23738,-11.76403,59.68754
2.64E+09,-13.7571,23.62577,-44.60477,58.04132,23.02403,-157.78015,-11.75564,58.46862
2.65E+09,-13.6084,22.41628,-43.93517,-136.40364,23.02978,-158.54042,-11.93089,63.13138
2.65E+09,-13.75202,20.96223,-43.29708,156.98633,23.04162,-159.11877,-11.86123,59.83736
2.66E+09,-14.00829,20.06927,-60.48423,-144.7626,23.03276,-160.04918,-12.03617,58.68296
2.66E+09,-14.03856,21.91692,-45.21181,91.9994,23.00922,-160.9044,-11.80625,57.42273
2.67E+09,-13.6781,19.61873,-46.36446,7.25853,23.02258,-161.78598,-11.94521,55.84233
2.68E+09,-14.24005,19.07381,-47.64951,173.91368,23.01547,-162.43939,-11.84478,57.25272
2.68E+09,-13.90405,17.95421,-49.71005,-6.11468,22.99776,-163.29263,-11.81401,54.13477
2.69E+09,-14.04979,15.51725,-44.77778,-54.22174,23.00439,-163.8907,-11.68316,56.67479
2.69E+09,-13.72056,16.39765,-48.31813,26.19216,22.96068,-164.6956,-11.69507,55.69149
2.70E+09,-13.67481,19.26092,-45.89062,158.00581,22.94964,-165.52557,-11.93231,54.42403
2.71E+09,-13.6702,16.6945,-47.18774,26.21495,22.97538,-166.30252,-11.95498,53.44662
2.71E+09,-13.51509,17.54665,-51.05067,132.86308,22.96961,-166.81306,-11.85453,53.76139
2.72E+09,-13.6076,17.41249,-48.94286,-5.80585,22.9708,-167.85641,-11.54228,52.6797
2.72E+09,-13.83038,13.39432,-53.40986,74.86357,22.96457,-168.55096,-11.52011,51.40846
2.73E+09,-13.75359,16.97509,-50.65525,44.05858,22.95297,-169.41039,-11.73229,52.22788
2.74E+09,-13.95019,15.23825,-47.6646,95.69727,22.92096,-169.94125,-11.96734,52.94318
2.74E+09,-14.22455,11.32109,-48.37429,-66.6779,22.95444,-170.89973,-11.55912,51.07023
2.75E+09,-14.21542,13.60943,-46.91273,179.24348,22.95091,-171.80099,-11.91683,52.09638
2.75E+09,-13.97519,11.42446,-52.99739,84.73959,22.96409,-172.32422,-11.5928,51.26596
2.76E+09,-13.73047,12.14663,-47.66537,32.13592,22.89649,-173.22694,-11.5748,48.7286
2.77E+09,-13.14325,12.19438,-41.88604,36.02048,22.90218,-173.84932,-11.68134,48.26951
2.77E+09,-14.2757,12.05188,-46.22777,-133.96094,22.91079,-174.67459,-11.87601,50.42916
2.78E+09,-13.21634,8.12694,-38.90807,68.69125,22.92337,-175.38303,-11.44073,45.76965
2.78E+09,-14.22997,11.82945,-46.16778,-71.02781,22.8886,-176.34305,-11.78776,47.51207
2.79E+09,-13.5593,10.33081,-46.57514,126.50118,22.88708,-177.00931,-11.88726,47.83917
2.80E+09,-13.88831,8.30135,-50.44469,34.37973,22.89549,-177.72423,-11.6812,45.76728
2.80E+09,-13.51468,6.79328,-47.50101,149.04115,22.92932,-178.52539,-11.80227,44.85841
2.81E+09,-13.78352,8.46529,-44.29863,-99.31792,22.85917,-179.26546,-11.46136,44.20144
2.81E+09,-13.66301,9.60544,-53.93671,65.43938,22.86279,-179.79706,-11.54413,44.8702
2.82E+09,-13.29808,6.04866,-45.10534,-51.37711,22.88451,179.37262,-11.31513,45.60672
2.83E+09,-14.27754,5.9633,-56.14327,153.39813,22.83293,178.80659,-11.74919,42.08436
2.83E+09,-13.85828,5.49598,-50.2017,38.30815,22.86664,178.06197,-11.71378,43.34741
2.84E+09,-13.36639,8.51706,-41.93743,94.45839,22.87229,177.16916,-11.8531,43.25117
2.84E+09,-13.31124,4.65265,-39.49195,29.51455,22.82444,176.11528,-11.64363,44.09538
2.85E+09,-14.2643,6.3331,-46.07632,-63.3703,22.86236,175.53412,-11.60718,38.07859
2.86E+09,-13.77872,2.93281,-42.45539,-41.84186,22.84718,174.80669,-11.52596,38.20149
2.86E+09,-13.62719,6.4711,-44.94976,-172.10635,22.83832,173.9583,-11.90515,40.29975
2.87E+09,-13.63176,0.28387,-45.9128,105.65113,22.84012,173.14691,-11.55804,40.37769
2.87E+09,-13.74432,2.10154,-56.5624,65.93809,22.82478,172.355,-11.29742,38.24492
2.88E+09,-14.01466,2.08289,-48.01708,24.7189,22.82211,171.59526,-11.4983,39.6337
2.89E+09,-13.67645,3.99553,-43.39772,9.71194,22.80735,170.74228,-11.44669,36.92536
2.89E+09,-13.99116,2.66983,-44.96831,97.85959,22.80733,169.97485,-11.56979,38.13161
2.90E+09,-14.37257,1.1534,-48.16244,148.72958,22.77652,169.39029,-11.89497,38.87018
2.90E+09,-13.11709,-3.68093,-43.80804,38.7211,22.78731,168.5663,-11.81753,38.14926
2.91E+09,-13.74141,-0.10239,-50.83171,67.9437,22.76334,167.77722,-11.74917,35.00417
2.92E+09,-13.94997,1.13712,-40.94022,-167.68109,22.76419,166.89024,-11.7761,33.9435
2.92E+09,-14.35172,-2.57034,-46.56553,-134.96167,22.76028,166.32011,-11.87098,36.30062
2.93E+09,-13.57585,-3.96057,-46.4555,96.88178,22.75626,165.46548,-11.31133,37.04035
2.93E+09,-13.79361,-1.66442,-47.14497,-137.9884,22.75692,164.67589,-11.55949,33.47405
2.94E+09,-14.27775,-4.24389,-42.89881,-3.44642,22.74612,163.97032,-11.3405,32.29047
2.95E+09,-13.68227,-4.36814,-48.88493,132.89816,22.74559,163.1152,-11.42219,35.18239
2.95E+09,-13.66637,-3.46103,-53.33137,8.69369,22.73158,162.66269,-11.11562,34.25402
2.96E+09,-14.07536,-5.70844,-47.63356,-15.95974,22.72066,162.06209,-11.41688,33.54808
2.96E+09,-14.44331,-2.27034,-38.76314,116.87201,22.713,161.0253,-11.37529,31.77972
2.97E+09,-14.23801,-7.77987,-55.80025,-69.33869,22.73161,160.36707,-11.47057,33.64553
2.98E+09,-13.9191,-5.27756,-45.75621,114.60999,22.69775,159.45996,-11.44497,31.54566
2.98E+09,-13.9938,-6.70546,-56.0932,6.32196,22.72579,158.79004,-11.53166,31.31887
2.99E+09,-14.15283,-8.96981,-51.40999,70.29542,22.67442,157.98224,-11.4223,29.02885
2.99E+09,-13.82799,-7.27532,-54.355,-66.37085,22.68691,157.38811,-11.39281,29.62286
3.00E+09,-14.39727,-9.79479,-40.76597,-7.71606,22.72505,156.58177,-11.01652,28.68288
3.01E+09,-13.86282,-8.87303,-56.29451,92.2208,22.70888,155.75705,-11.54875,28.02991
3.01E+09,-14.02979,-12.2105,-45.11044,26.57313,22.70459,154.97731,-11.44099,27.22167
3.02E+09,-14.16373,-11.36356,-48.10238,-18.54298,22.67919,154.19324,-11.13033,27.10028
3.02E+09,-14.2474,-10.21099,-53.31876,-88.57188,22.70104,153.39531,-11.11369,29.07633
3.03E+09,-14.04091,-10.2042,-46.10227,-7.3041,22.68872,152.48372,-11.41785,26.59252
3.03E+09,-14.32638,-11.53851,-42.47079,113.58024,22.67199,151.74821,-11.16364,26.99918
3.04E+09,-14.31183,-13.61544,-49.93238,145.8011,22.66641,150.87675,-11.38442,24.41238
3.05E+09,-14.49357,-11.29852,-48.7195,78.78387,22.61745,150.20468,-11.43007,27.54413
3.05E+09,-14.3867,-14.03566,-48.52265,86.14822,22.66467,149.45781,-11.30129,25.88333
3.06E+09,-14.71057,-13.08076,-57.40866,95.02736,22.61614,148.82005,-11.68401,25.50589
3.06E+09,-13.95395,-14.35438,-43.20147,48.278,22.6162,148.01308,-11.7432,23.84131
3.07E+09,-14.56049,-14.52538,-46.88926,-64.90659,22.62253,147.24896,-11.45219,20.69693
3.08E+09,-14.54554,-16.70772,-50.67623,-38.16512,22.65055,146.4516,-11.29273,21.93333
3.08E+09,-14.64319,-15.63499,-55.37682,-78.48184,22.59678,145.6994,-11.34586,22.00087
3.09E+09,-14.53102,-16.88817,-48.71292,6.69044,22.61288,144.92198,-11.47514,22.9365
3.09E+09,-14.55776,-15.84602,-52.76395,18.64334,22.62396,144.25755,-11.20868,22.71657
3.10E+09,-14.93399,-17.49092,-45.52879,2.00335,22.60465,143.40556,-11.53585,19.73642
3.11E+09,-14.40431,-19.8408,-58.49369,-65.4829,22.57604,142.72507,-11.92111,20.47461
3.11E+09,-14.45246,-16.78131,-51.86245,57.69171,22.5965,141.99066,-11.50325,22.00753
3.12E+09,-14.69464,-19.40192,-52.71417,103.35719,22.55475,141.33224,-11.62632,21.10847
3.12E+09,-14.61234,-17.70493,-44.18476,85.85175,22.58491,140.41568,-11.46624,20.25136
3.13E+09,-14.33161,-18.11496,-47.12646,23.41895,22.55856,139.50838,-11.55856,17.48973
3.14E+09,-14.4306,-19.88481,-57.59268,152.96027,22.55744,138.8231,-11.74888,19.35665
3.14E+09,-14.37792,-21.27828,-43.33398,23.65845,22.55436,137.8817,-11.45953,18.00971
3.15E+09,-14.4553,-21.55267,-47.04257,43.70394,22.5667,137.42223,-11.2924,16.66392
3.15E+09,-15.04994,-24.03729,-51.55436,-6.62977,22.56221,136.44333,-11.54861,17.29643
3.16E+09,-14.495,-20.47019,-41.10547,-158.75011,22.52342,135.74899,-11.60182,16.98366
3.17E+09,-14.75286,-23.80055,-50.6318,-119.5144,22.54084,135.00298,-11.45033,18.88936
3.17E+09,-14.66641,-22.57456,-44.1639,-147.06886,22.5327,134.11377,-11.27338,15.80091
3.18E+09,-14.49515,-22.78914,-44.48781,-56.10009,22.54944,133.43878,-11.2668,16.91953
3.18E+09,-14.78921,-24.42749,-40.51835,12.03386,22.5234,132.59399,-11.25095,16.85024
3.19E+09,-15.25181,-25.41745,-48.45252,-156.67691,22.52744,131.87187,-11.66491,15.07803
3.20E+09,-14.60937,-24.83021,-42.74863,-3.18888,22.49891,131.05611,-11.3994,14.47973
3.20E+09,-14.78558,-24.67974,-50.3902,104.4091,22.43374,129.80124,-11.94297,12.91055
3.21E+09,-14.94343,-27.96658,-44.11979,-29.62645,22.44357,128.92725,-11.7223,11.78571
3.21E+09,-14.41704,-27.49946,-41.87973,63.20133,22.43167,128.24522,-11.78975,12.29385
3.22E+09,-14.92679,-25.53385,-46.15921,69.6449,22.41699,127.44874,-11.5038,11.55133
3.23E+09,-15.46409,-30.53901,-40.94282,-26.16202,22.41596,126.73843,-11.61575,10.48463
3.23E+09,-15.14789,-30.46602,-54.70569,66.73786,22.42556,126.05531,-11.49662,9.47356
3.24E+09,-15.19695,-29.83678,-56.07098,91.94408,22.40524,125.29806,-11.49808,10.16642
3.24E+09,-15.45456,-30.22464,-47.07618,5.69405,22.39885,124.60399,-11.55753,10.46163
3.25E+09,-15.16461,-27.9389,-70.36783,63.71489,22.39594,123.84036,-11.54347,10.37118
3.26E+09,-15.48475,-27.93673,-43.92623,-1.72693,22.40499,122.89452,-11.50597,5.96239
3.26E+09,-15.52998,-30.20997,-49.50517,-166.89433,22.37739,122.05081,-11.46401,6.43121
3.27E+09,-15.66081,-31.2773,-49.75602,174.9362,22.3797,121.54002,-11.57359,8.29912
3.27E+09,-15.58721,-33.40805,-47.3428,-84.86031,22.38748,120.84119,-11.69167,7.41359
3.28E+09,-16.05084,-31.13088,-51.27918,-99.02253,22.37301,120.08321,-11.6503,5.54835
3.29E+09,-15.50463,-30.56916,-50.09489,-84.84883,22.3789,119.04475,-11.51615,6.6329
3.29E+09,-15.87923,-35.71062,-46.90225,-33.3193,22.39137,118.06637,-11.53337,4.07611
3.30E+09,-15.79968,-33.12623,-54.56309,69.23543,22.37386,117.56709,-11.56142,6.098
3.30E+09,-16.14836,-31.58201,-47.89923,-55.80543,22.36381,116.8961,-11.46886,3.57362
3.31E+09,-15.77381,-36.10192,-43.6413,53.26905,22.35563,115.92823,-11.74813,7.35901
3.32E+09,-16.22516,-35.45398,-41.59256,12.86927,22.3723,115.13513,-11.33129,4.21747
3.32E+09,-16.03389,-35.81463,-54.10972,121.95019,22.32461,114.40957,-11.88363,4.08767
3.33E+09,-16.16252,-35.74633,-55.88094,5.61275,22.33465,113.6918,-11.68347,4.98442
3.33E+09,-16.01064,-35.53532,-47.68958,-38.47479,22.30573,112.8213,-11.96016,2.99229
3.34E+09,-15.68988,-37.83795,-46.30578,-49.5549,22.30617,111.95603,-11.65921,1.63345
3.35E+09,-16.28386,-38.0712,-49.69344,43.14779,22.32562,111.32741,-11.77922,1.79645
3.35E+09,-16.56133,-39.64775,-44.09673,-50.00502,22.28588,110.67575,-11.59766,1.14196
3.36E+09,-16.75927,-41.90357,-48.09216,-89.67184,22.26301,109.8091,-11.91237,0.66856
3.36E+09,-16.38743,-38.87674,-51.35673,-49.43522,22.28219,109.07255,-11.82733,0.47238
3.37E+09,-16.16323,-33.21545,-42.10327,-173.96825,22.26811,108.37003,-11.54194,0.44346
3.38E+09,-16.75276,-37.23885,-44.82605,-74.69253,22.28017,107.42588,-11.50489,-1.20914
3.38E+09,-16.23378,-36.82719,-46.87566,-71.17058,22.25225,106.70248,-11.62391,-2.36904
3.39E+09,-16.66469,-41.19967,-44.57189,29.65627,22.24574,106.09727,-11.65175,-1.03921
3.39E+09,-16.92055,-40.41802,-47.66416,-57.78666,22.27535,105.22189,-11.57068,-3.61108
3.40E+09,-16.78246,-39.88246,-52.86157,-67.38902,22.26074,104.3642,-11.73794,-2.48983
3.41E+09,-16.77008,-38.57998,-46.05056,71.10187,22.21955,103.49338,-11.75493,-2.35793
3.41E+09,-16.69678,-38.93303,-44.21847,60.33779,22.22934,102.91703,-11.78693,-1.62768
3.42E+09,-16.71993,-42.51985,-57.38972,-51.24269,22.22766,102.11597,-11.9876,-4.22469
3.42E+09,-16.61776,-46.41908,-44.6738,-14.51119,22.20476,101.34496,-11.93267,-2.81313
3.43E+09,-17.48232,-41.42879,-44.02342,-114.72189,22.18798,100.63438,-11.85226,-5.04482
3.44E+09,-17.35236,-44.2835,-52.19946,-117.62471,22.20574,99.77029,-11.83461,-4.9729
3.44E+09,-17.17871,-42.12908,-47.68196,6.79274,22.18474,99.08953,-12.24222,-5.8136
3.45E+09,-17.21886,-46.08998,-48.59889,37.48094,22.18297,98.30228,-11.92919,-6.35838
3.45E+09,-17.55484,-46.05714,-42.56823,-17.51597,22.17869,97.38157,-11.80565,-5.87775
3.46E+09,-17.08678,-44.53636,-58.94386,168.92682,22.17738,96.70956,-11.90115,-7.05636
3.47E+09,-17.16214,-44.02975,-53.01827,-50.49485,22.17934,95.96467,-11.89422,-8.41735
3.47E+09,-17.08813,-43.44801,-46.06382,71.01839,22.15788,95.05919,-11.50567,-8.31744
3.48E+09,-17.41646,-45.25372,-49.23027,-51.49222,22.13288,94.187,-11.64455,-9.82513
3.48E+09,-17.48616,-44.63382,-45.65445,-66.58377,22.16276,93.41981,-11.77453,-9.44853
3.49E+09,-17.1192,-45.49341,-46.3577,130.63969,22.11792,92.70461,-11.85811,-10.43475
3.50E+09,-17.77041,-45.05409,-45.81981,82.75861,22.10026,91.9634,-12.1107,-8.82999
3.50E+09,-17.18355,-46.79438,-50.77313,79.44496,22.08446,91.1312,-11.96595,-9.24918
3.51E+09,-17.65245,-46.11755,-53.80476,74.06444,22.08795,90.39781,-12.24826,-10.26759
3.51E+09,-17.24812,-47.1702,-51.86178,118.84418,22.07032,89.65278,-12.27205,-10.79279
3.52E+09,-17.93255,-46.99067,-51.76046,141.03847,22.06925,89.0422,-12.13543,-11.16836
3.53E+09,-17.81958,-50.29204,-61.24833,-151.37192,22.06215,88.19637,-12.39612,-11.47502
3.53E+09,-17.96352,-47.22303,-49.70692,-11.22669,22.05153,87.34782,-12.15765,-10.98346
3.54E+09,-18.12567,-49.32964,-42.05986,9.0181,22.05177,86.76142,-11.61799,-12.30255
3.54E+09,-18.31917,-48.37948,-49.46912,-79.03786,22.03122,86.21123,-12.04242,-11.32181
3.55E+09,-17.94418,-50.73928,-49.07681,87.88907,22.05027,85.28022,-11.85566,-12.82142
3.56E+09,-18.17002,-47.45052,-48.10715,-29.80434,22.04487,84.34418,-12.05807,-14.63117
3.56E+09,-18.04047,-49.01681,-42.94776,-17.82374,22.027,83.65805,-11.79929,-13.50577
3.57E+09,-18.34485,-46.99052,-43.82643,-35.12661,22.02035,82.87748,-12.13017,-14.45097
3.57E+09,-18.81942,-51.50835,-42.7701,-78.27781,22.03611,82.12895,-12.23507,-14.57815
3.58E+09,-18.58832,-49.16783,-38.86681,-90.4501,22.03453,81.43376,-12.35829,-14.71088
3.59E+09,-18.77622,-53.00358,-40.5055,25.91821,22.01376,80.72119,-12.18244,-17.46949
3.59E+09,-17.9306,-50.36686,-46.82259,89.83467,22.01189,79.60935,-12.08368,-16.90081
3.60E+09,-18.77033,-50.21418,-64.43664,49.90105,21.99667,78.97398,-12.20293,-18.53377
3.60E+09,-18.39208,-52.98485,-49.53753,51.15263,22.00312,78.34493,-12.10699,-18.03755
3.61E+09,-18.45175,-49.34091,-50.68151,-119.17976,21.98393,77.42381,-12.02321,-20.29158
3.62E+09,-18.82415,-54.70967,-49.95362,135.5332,22.00025,76.82172,-11.97849,-18.28855
3.62E+09,-19.02029,-51.96638,-49.84949,-17.57324,21.94421,75.94958,-12.25415,-21.11056
3.63E+09,-18.72621,-54.59029,-48.86396,-116.1242,21.96849,74.93842,-12.20205,-20.79369
3.63E+09,-19.4704,-51.88378,-63.12931,65.6052,21.94512,74.35393,-12.19666,-19.15247
3.64E+09,-19.24089,-50.93309,-50.41653,-158.56392,21.95472,73.55225,-12.25129,-21.42887
3.65E+09,-19.45666,-55.00568,-47.92297,-82.04816,21.94034,72.88238,-12.4944,-21.36366
3.65E+09,-20.11411,-55.30631,-47.38732,-27.52945,21.92755,71.94907,-12.49552,-21.4699
3.66E+09,-19.14579,-54.9365,-48.60791,-13.11214,21.89357,71.33209,-12.24593,-23.77413
3.66E+09,-19.23889,-57.50203,-59.13882,-10.96848,21.92488,70.43472,-12.34661,-24.8875
3.67E+09,-20.24622,-51.87299,-48.77508,-64.01637,21.90796,69.72863,-12.46655,-25.93908
3.68E+09,-19.46166,-54.01173,-50.5793,-71.1015,21.90307,68.94949,-12.26619,-21.22108
3.68E+09,-20.64554,-59.49794,-49.42582,3.7187,21.90812,68.13333,-12.23552,-24.2827
3.69E+09,-20.10544,-55.65987,-46.74727,6.46183,21.88408,67.45663,-12.52315,-26.7724
3.69E+09,-20.98267,-56.90814,-56.14956,71.36303,21.86309,66.4849,-12.37695,-25.12746
3.70E+09,-20.63731,-56.45728,-53.0565,-58.19755,21.87443,65.77135,-12.5055,-25.81586
3.71E+09,-21.64601,-55.33501,-45.65202,83.27301,21.82286,64.92984,-12.79132,-28.40273
3.71E+09,-20.34267,-55.02627,-48.90897,-41.02693,21.81974,64.28989,-12.73223,-26.43945
3.72E+09,-20.14386,-53.5321,-45.96865,-56.80786,21.83065,63.49607,-12.53469,-26.71307
3.72E+09,-20.52551,-57.95404,-44.65165,-52.65133,21.80625,62.70315,-12.53799,-27.07296
3.73E+09,-20.76253,-53.88901,-48.81818,-93.3419,21.80121,61.79945,-12.36381,-28.52274
3.74E+09,-21.5779,-54.10923,-43.91608,-44.66592,21.78915,61.20657,-12.5328,-30.14674
3.74E+09,-21.51404,-57.78979,-47.31313,-18.50041,21.77708,60.41266,-12.66918,-28.89013
3.75E+09,-20.9577,-52.66467,-52.78753,-4.66762,21.75585,59.61617,-12.689,-28.28744
3.75E+09,-21.47069,-47.52736,-43.66559,-75.43449,21.76224,58.79206,-13.03545,-30.70596
3.76E+09,-20.87497,-48.84581,-41.43687,-91.86947,21.73161,58.10755,-13.10093,-30.89134
3.77E+09,-21.57809,-54.85915,-42.75695,-14.26612,21.75127,57.34503,-12.71134,-31.621
3.77E+09,-21.07704,-51.98415,-42.19138,-101.69133,21.7221,56.6692,-12.85508,-30.88548
3.78E+09,-21.47551,-55.85894,-45.02758,65.49154,21.72091,55.91918,-12.34541,-32.52089
3.78E+09,-21.70367,-54.88287,-57.90228,-166.25336,21.71094,55.18736,-12.7415,-31.31861
3.79E+09,-21.32111,-60.51182,-45.24001,-102.81602,21.70757,54.39865,-12.60928,-30.90762
3.80E+09,-22.1127,-53.14789,-47.96762,-32.40517,21.71293,53.6258,-12.6999,-30.70452
3.80E+09,-22.68931,-56.9245,-45.41034,-131.44003,21.68708,52.7491,-12.71462,-33.03315
3.81E+09,-23.32989,-52.93464,-45.69161,-42.82514,21.6921,51.96936,-12.45332,-33.9155
3.81E+09,-22.98329,-52.10823,-47.58202,-22.38914,21.69505,51.20044,-12.79021,-32.41504
3.82E+09,-22.83247,-48.94875,-44.68886,-80.13772,21.64009,50.43015,-13.06967,-32.47908
3.83E+09,-22.55837,-54.94331,-47.46567,-18.86636,21.6481,49.54928,-12.91176,-33.63456
3.83E+09,-23.37975,-53.16993,-49.52375,-28.79876,21.62097,48.8588,-12.66437,-34.46208
3.84E+09,-23.16424,-56.99993,-62.81863,65.47657,21.61211,48.08376,-12.51022,-32.5856
3.84E+09,-23.50464,-47.84475,-43.48395,-64.20991,21.58463,47.31974,-12.87023,-36.14955
3.85E+09,-23.60799,-49.70785,-49.18114,-119.46176,21.60125,46.57572,-12.95795,-33.24635
3.86E+09,-23.27147,-51.83337,-49.07503,169.81525,21.57787,45.89109,-12.78382,-34.29145
3.86E+09,-23.48492,-44.93163,-45.88584,-47.53141,21.58611,45.06386,-12.78979,-36.74059
3.87E+09,-23.38433,-46.92674,-50.07875,-105.09693,21.55897,44.16832,-12.49738,-36.14429
3.87E+09,-23.23661,-49.31442,-50.15077,-10.11621,21.54781,43.59695,-12.59469,-38.74636
3.88E+09,-24.13253,-43.37882,-44.38116,-125.31228,21.53477,42.80803,-12.69803,-35.4459
3.89E+09,-22.11281,-43.85304,-56.15619,-101.34918,21.54988,42.17887,-12.86116,-39.60451
3.89E+09,-22.95847,-44.76429,-51.05488,-171.56345,21.53343,41.36074,-12.98971,-39.49231
3.90E+09,-22.60164,-43.04259,-49.61797,-120.51089,21.53812,40.6214,-12.64935,-42.39101
3.90E+09,-22.99293,-42.96477,-49.46132,-160.50479,21.49423,39.83729,-12.62197,-40.63023
3.91E+09,-23.12679,-41.74509,-49.16117,-118.40366,21.48946,39.27168,-12.71404,-42.32466
3.92E+09,-23.12551,-39.26819,-47.75305,-63.60298,21.49248,38.31784,-12.61908,-41.85515
3.92E+09,-22.90022,-48.44478,-40.35404,-136.45488,21.48694,37.80461,-12.79673,-41.59488
3.93E+09,-23.52211,-38.06702,-48.30592,2.81626,21.49542,36.99602,-12.56415,-41.78167
3.93E+09,-23.73225,-41.82744,-46.61729,-101.60648,21.48928,36.29063,-12.78926,-41.52524
3.94E+09,-24.20435,-43.72479,-44.16055,-132.42589,21.48322,35.45031,-12.5992,-42.16209
3.95E+09,-22.84206,-38.93984,-53.77197,-44.66207,21.46621,34.74324,-12.66511,-42.59011
3.95E+09,-23.17403,-37.98999,-49.43778,-86.22289,21.46351,33.83298,-12.75624,-44.36149
3.96E+09,-23.38122,-42.49642,-54.58483,28.76441,21.47713,33.20581,-12.38727,-45.20551
3.96E+09,-23.42421,-35.91892,-45.74085,-90.22089,21.46422,32.35749,-12.67119,-45.8732
3.97E+09,-22.87055,-40.36674,-67.15088,162.28752,21.45844,31.58908,-12.72711,-47.50422
3.98E+09,-22.54877,-33.78564,-41.07222,-87.38992,21.47001,30.92598,-12.8024,-45.92843
3.98E+09,-23.56114,-47.31852,-47.20279,-175.19191,21.44374,29.95915,-12.83985,-50.36274
3.99E+09,-22.6541,-40.7847,-41.24995,-144.19734,21.44959,29.27264,-12.74103,-50.74823
3.99E+09,-22.88214,-43.44398,-46.7685,-64.57942,21.44752,28.50383,-12.64288,-48.97001
4.00E+09,-23.61255,-36.82059,-50.18119,50.99132,21.46791,28.1888,-12.959,-48.8417
4.01E+09,-23.66911,-35.66101,-42.43503,173.2146,21.45489,27.06656,-12.89518,-49.23323
4.01E+09,-23.63234,-39.2877,-59.02369,-174.72267,21.45445,26.20325,-13.1359,-50.50275
4.02E+09,-24.44269,-32.87383,-44.39073,-105.86258,21.44416,25.55501,-13.01694,-51.458
4.02E+09,-24.20681,-36.71739,-44.73906,-66.90881,21.39816,24.91239,-13.21977,-53.23025
4.03E+09,-24.62775,-34.66264,-43.6145,-141.22867,21.42676,23.91103,-13.22196,-52.06185
4.04E+09,-23.67643,-35.8969,-47.88858,-103.35054,21.40448,23.15299,-13.12156,-53.16618
4.04E+09,-23.04464,-31.1125,-54.38661,-167.29163,21.37737,22.57387,-13.01678,-53.6668
4.05E+09,-24.3539,-40.95131,-52.6412,157.96004,21.38416,21.48172,-13.21872,-54.13559
4.05E+09,-23.95505,-34.42707,-51.67332,52.33389,21.39134,20.84052,-12.92945,-55.92076
4.06E+09,-24.17461,-35.60914,-42.28108,-40.97453,21.3584,20.06718,-13.35818,-54.22344
4.07E+09,-23.68413,-38.64955,-49.27731,-65.2824,21.35821,19.25955,-13.25967,-56.06548
4.07E+09,-23.77397,-31.97138,-51.5629,-123.56804,21.33746,18.38971,-13.29221,-55.65004
4.08E+09,-23.74696,-27.12931,-48.25685,-37.6848,21.31817,17.74923,-13.34259,-54.47745
4.08E+09,-23.20125,-27.58962,-41.72727,-82.74252,21.34335,17.00435,-12.9612,-55.68133
4.09E+09,-24.02143,-35.30873,-53.7405,-80.62376,21.29737,16.21789,-13.30909,-57.31741
4.10E+09,-23.44149,-28.89298,-50.76263,34.94248,21.32292,15.40243,-13.47941,-55.88597
4.10E+09,-23.21331,-31.9811,-42.95282,-115.65629,21.29876,14.55158,-13.39423,-58.44406
4.11E+09,-24.34857,-34.23498,-57.95421,-156.96902,21.30413,13.883,-13.39448,-59.57956
4.11E+09,-24.10768,-31.75024,-50.33518,-31.72657,21.30238,13.15081,-13.64665,-58.34674
4.12E+09,-23.40276,-24.15863,-50.19074,-149.26212,21.26824,12.26905,-13.30504,-58.0318
4.13E+09,-23.80235,-30.89331,-46.16647,132.25998,21.25513,11.5635,-13.23841,-58.896
4.13E+09,-24.10906,-28.01988,-42.84341,-85.4491,21.26594,10.7662,-13.38385,-60.36805
4.14E+09,-24.30403,-31.42432,-54.10824,14.67557,21.2257,10.13436,-12.97019,-59.40383
4.14E+09,-23.70787,-23.8809,-52.61965,-76.11238,21.23809,9.25067,-13.30806,-59.90488
4.15E+09,-23.94757,-31.70645,-53.63202,-159.56058,21.22732,8.39022,-13.1802,-60.06021
4.16E+09,-23.93707,-24.89706,-47.69235,-102.893,21.22899,7.69699,-13.51475,-60.6851
4.16E+09,-24.23879,-19.53346,-50.31637,68.82688,21.22211,6.93208,-13.15859,-62.9999
4.17E+09,-24.5097,-24.48857,-51.38731,-149.71526,21.20546,6.18102,-13.70993,-65.08569
4.17E+09,-24.96412,-28.63929,-48.1898,-100.01424,21.20078,5.26536,-13.46208,-62.74428
4.18E+09,-24.09464,-15.49278,-52.9257,-104.87428,21.19197,4.45279,-13.49018,-65.01138
4.19E+09,-23.75565,-18.93749,-47.50558,106.63322,21.17957,3.68558,-13.70803,-66.58421
4.19E+09,-24.20851,-18.83435,-55.65099,109.66763,21.16029,2.88596,-13.5059,-64.71433
4.20E+09,-25.03664,-17.5596,-45.26664,109.27937,21.15785,2.0552,-13.54018,-63.67959
4.20E+09,-24.26392,-14.61523,-51.56435,-132.99112,21.13866,1.19202,-13.66211,-65.32762
4.21E+09,-24.08615,-7.1886,-48.58662,-104.39965,21.13399,0.41917,-13.6918,-65.47941
4.21E+09,-24.20309,-8.57099,-54.91339,-63.82723,21.1174,-0.36992,-13.53914,-66.78934
4.22E+09,-24.02065,-13.84253,-41.71327,-142.54024,21.088,-1.26318,-13.87167,-65.94582
4.23E+09,-22.98988,-7.669,-42.83298,-61.7479,21.07511,-2.05412,-13.87697,-65.83079
4.23E+09,-22.49554,-9.45786,-45.64325,-68.86771,21.05595,-2.7332,-14.27673,-66.73315
4.24E+09,-23.19936,-9.5583,-45.18659,-109.79288,21.03259,-3.54324,-14.21981,-68.88026
4.24E+09,-22.14267,-10.42264,-49.2484,-132.08208,21.01786,-4.24618,-14.271,-68.00482
4.25E+09,-22.32912,-7.99842,-45.22898,-104.58504,20.98053,-5.07459,-14.11636,-68.23266
4.26E+09,-21.7041,-12.25864,-46.72134,-145.84451,20.98994,-5.80633,-14.42647,-67.53588
4.26E+09,-21.85821,-11.53443,-50.9679,70.87154,20.98571,-6.6281,-13.94932,-69.60113
4.27E+09,-21.15828,-9.7065,-43.55343,-82.25419,20.943,-7.39317,-13.9469,-70.5781
4.27E+09,-21.41612,-2.95238,-48.88481,-50.79035,20.92594,-8.21058,-14.30189,-69.76263
4.28E+09,-21.70117,-6.87555,-46.22776,-62.35092,20.92821,-8.80034,-14.20743,-65.19312
4.29E+09,-21.68816,-8.12268,-49.46537,-88.75764,20.89718,-9.69114,-13.69525,-66.00128
4.29E+09,-21.27786,-7.15776,-47.73898,-31.8188,20.86993,-10.40806,-13.8635,-67.59853
4.30E+09,-21.23132,-2.21774,-49.27534,-40.30127,20.84937,-10.87377,-13.81467,-68.45087
4.30E+09,-20.5633,-6.34094,-45.38919,-114.38839,20.83563,-11.63241,-13.91079,-66.00607
4.31E+09,-20.01522,-3.26643,-49.21724,-31.80533,20.82907,-12.39172,-13.57658,-67.483
4.32E+09,-20.28338,-2.29596,-48.91395,-118.06886,20.80506,-13.13685,-13.52149,-68.7715
4.32E+09,-19.94741,-4.18392,-45.81895,-138.67314,20.79087,-13.79485,-13.56715,-70.38033
4.33E+09,-19.46458,-8.58534,-55.28502,-68.65545,20.79742,-14.58988,-13.55544,-70.31347
4.33E+09,-19.2734,-3.76199,-41.88463,-74.99809,20.79373,-15.32053,-13.47837,-72.24548
4.34E+09,-19.83963,-6.21457,-44.66503,-100.61419,20.76833,-16.12986,-13.82646,-69.31267
4.35E+09,-19.26111,-10.18932,-44.78684,-79.4584,20.76011,-16.81331,-13.75329,-74.75819
4.35E+09,-19.45392,-9.28766,-44.41621,-135.67128,20.7402,-17.47316,-13.65684,-72.48269
4.36E+09,-19.13937,-9.25126,-41.66429,-63.37456,20.74398,-18.18713,-13.51841,-76.22907
4.36E+09,-18.90037,-11.33616,-45.46835,-136.35408,20.71845,-19.00432,-13.36458,-75.39907
4.37E+09,-18.61374,-10.98578,-60.86721,50.03304,20.71394,-19.74339,-13.57226,-76.13214
4.38E+09,-19.05198,-12.82824,-42.38839,-55.46193,20.70547,-20.3379,-14.09269,-77.32011
4.38E+09,-18.84813,-17.14066,-43.69885,-132.42615,20.72196,-21.1111,-13.91429,-75.52012
4.39E+09,-18.84542,-15.73404,-43.27469,-117.44466,20.69448,-21.86906,-13.6747,-79.17727
4.39E+09,-18.70355,-17.24944,-39.39482,-116.66757,20.68902,-22.71155,-13.72589,-79.35232
4.40E+09,-18.93345,-11.5687,-43.85394,-155.98027,20.68679,-23.551,-13.66624,-80.44569
4.41E+09,-18.6307,-18.23788,-57.14678,-82.79512,20.67625,-24.29751,-13.94368,-80.46992
4.41E+09,-18.59212,-19.37075,-53.15793,-9.5478,20.67146,-24.94267,-13.92421,-80.42281
4.42E+09,-18.75355,-17.2662,-43.43686,-143.58174,20.67401,-25.78105,-13.8476,-80.13311
4.42E+09,-18.47006,-18.62027,-51.25526,177.15952,20.64654,-26.58417,-13.85699,-82.21462
4.43E+09,-18.68218,-17.09262,-42.24577,-159.06088,20.65505,-27.44284,-13.87792,-81.47498
4.44E+09,-18.77849,-17.2381,-49.55529,156.72899,20.60837,-28.2586,-14.35552,-83.2083
4.44E+09,-18.43119,-19.70661,-41.7821,-144.62132,20.60376,-29.00313,-14.28153,-85.72519
4.45E+09,-18.4045,-16.84962,-56.29993,-95.99049,20.57708,-29.60483,-14.30002,-81.99522
4.45E+09,-18.66125,-19.20097,-56.28251,175.01044,20.57958,-30.3893,-14.46919,-81.1405
4.46E+09,-18.67496,-17.21917,-43.76703,-124.5996,20.54906,-31.09137,-14.6336,-80.30612
4.47E+09,-18.19804,-15.55957,-47.63657,-148.01096,20.5237,-31.74452,-14.63423,-83.02469
4.47E+09,-17.94295,-19.50254,-59.87074,-154.47871,20.53108,-32.6766,-14.25916,-82.07196
4.48E+09,-18.2604,-20.63039,-46.36364,-145.4055,20.52448,-33.19627,-14.15823,-82.90717
4.48E+09,-18.20493,-22.33908,-46.91679,15.91722,20.51088,-33.95251,-14.36946,-84.97308
4.49E+09,-17.86295,-19.4711,-52.08284,-68.56616,20.51851,-34.88335,-14.25831,-85.66368
4.50E+09,-17.80525,-17.82256,-42.10533,-101.40746,20.48888,-35.52184,-14.24575,-86.49458
4.50E+09,-18.16273,-23.12062,-48.59497,-166.70261,20.47465,-36.39521,-14.16024,-86.52768
4.51E+09,-17.80783,-22.39569,-48.63804,-174.77478,20.43951,-37.08296,-14.02846,-84.15359
4.51E+09,-17.95132,-22.41586,-49.1407,-142.85803,20.43996,-37.6287,-14.31366,-85.01664
4.52E+09,-17.51187,-21.98735,-45.01028,-56.95576,20.4334,-38.49758,-14.55615,-84.35137
4.53E+09,-17.65336,-22.5363,-54.49997,-104.61698,20.43996,-39.17574,-14.41722,-87.10618
4.53E+09,-17.93767,-21.2791,-47.42097,-139.06168,20.42082,-40.014,-14.66667,-86.96463
4.54E+09,-17.53529,-23.89442,-50.86486,-155.81374,20.40049,-40.71654,-14.78761,-87.8124
4.54E+09,-17.60171,-22.60146,-42.79975,-111.15015,20.39102,-41.46409,-14.25413,-90.3297
4.55E+09,-17.58683,-23.64647,-57.7578,-141.03281,20.38762,-42.14687,-14.68753,-87.26166
4.56E+09,-17.54354,-21.91039,-49.45318,-162.65004,20.39221,-42.97333,-14.93282,-91.14465
4.56E+09,-17.72106,-24.26588,-60.13944,-71.8722,20.36487,-43.61793,-14.82169,-89.15479
4.57E+09,-17.08297,-24.22019,-54.676,-51.00741,20.33222,-44.38639,-14.32787,-88.80183
4.57E+09,-17.20574,-25.36966,-47.75134,-152.80179,20.36321,-45.10359,-14.56668,-89.95623
4.58E+09,-17.0521,-25.45633,-44.80327,-167.11067,20.31756,-45.60944,-14.4869,-89.53237
4.59E+09,-17.48447,-23.40957,-47.42804,149.77887,20.34075,-46.53385,-14.14806,-89.88234
4.59E+09,-17.10296,-24.71088,-50.10016,69.80953,20.327,-47.23756,-14.77847,-92.30981
4.60E+09,-17.15812,-27.35992,-51.23886,170.71385,20.32225,-48.06147,-14.05198,-89.72525
4.60E+09,-17.10838,-25.98276,-58.76103,56.24423,20.30403,-48.79966,-14.89322,-91.75007
4.61E+09,-17.05099,-23.46718,-48.59451,-152.04051,20.26967,-49.33219,-14.54326,-90.27886
4.62E+09,-17.23142,-28.65958,-53.34717,-175.18533,20.27572,-50.08826,-15.01667,-91.6345
4.62E+09,-16.92186,-26.22541,-41.06972,163.83652,20.23439,-51.05616,-14.71689,-94.95628
4.63E+09,-16.91296,-30.2854,-51.32966,-176.96313,20.23932,-51.64268,-14.85229,-94.21447
4.63E+09,-16.70814,-30.0934,-42.06882,-165.29543,20.25633,-52.3952,-14.93537,-95.60284
4.64E+09,-16.84687,-28.16369,-44.97212,99.95277,20.26535,-53.08568,-15.22858,-95.79
4.65E+09,-16.92961,-26.40842,-52.26113,-135.70157,20.22592,-53.79615,-14.93328,-96.4558
4.65E+09,-16.82481,-27.62276,-45.55704,-106.21984,20.2175,-54.50227,-14.63963,-94.6713
4.66E+09,-16.64043,-28.63048,-43.96832,-94.87954,20.20933,-55.42732,-14.87629,-94.3857
4.66E+09,-16.85203,-29.92817,-47.7519,-177.78299,20.19262,-56.08666,-14.57925,-94.14696
4.67E+09,-17.00551,-33.84117,-44.97061,-161.54546,20.19961,-56.79645,-14.94477,-94.64561
4.68E+09,-16.42692,-29.97238,-49.43789,161.25925,20.19693,-57.63913,-14.75995,-95.10214
4.68E+09,-16.47209,-30.54803,-53.86244,80.50773,20.19546,-58.13244,-14.73957,-97.77744
4.69E+09,-16.47125,-29.87861,-46.94702,-170.29843,20.20567,-58.89491,-14.88444,-94.97487
4.69E+09,-16.33443,-29.99539,-42.55866,-174.541,20.1784,-59.5121,-14.63116,-95.8747
4.70E+09,-16.63554,-32.50999,-47.70484,-149.42776,20.1908,-60.45598,-15.02147,-96.46929
4.71E+09,-16.39889,-34.75376,-51.55816,162.58078,20.17784,-61.04017,-14.64119,-100.05743
4.71E+09,-16.56442,-34.39987,-51.5081,-122.52605,20.16644,-61.87964,-14.57068,-99.96689
4.72E+09,-16.37403,-34.41145,-46.28144,-166.05695,20.18031,-62.49222,-14.80438,-101.22192
4.72E+09,-16.54697,-32.7104,-47.65224,173.25801,20.18778,-63.43529,-14.687,-103.11979
4.73E+09,-16.26054,-35.49939,-44.31153,-169.31281,20.18301,-64.21002,-14.38035,-103.12729
4.74E+09,-16.1255,-34.61288,-48.82932,-179.53735,20.17434,-65.04403,-14.93154,-103.13583
4.74E+09,-16.1585,-33.88728,-50.40037,134.67488,20.16582,-65.89317,-15.04232,-101.81384
4.75E+09,-16.45482,-35.61862,-43.32292,165.55319,20.17045,-66.6634,-15.05962,-103.77416
4.75E+09,-16.30695,-37.51531,-44.80158,-152.14943,20.16876,-67.61777,-15.3513,-103.04429
4.76E+09,-16.28175,-35.95319,-45.83624,-12.92863,20.16148,-68.33639,-15.62922,-101.72121
4.77E+09,-16.1811,-34.11386,-50.88114,-146.11215,20.14389,-69.06117,-15.49597,-106.05779
4.77E+09,-16.23149,-34.27219,-45.82664,-143.72289,20.14997,-70.03925,-15.91171,-103.96622
4.78E+09,-16.32194,-33.98267,-45.27824,-111.67411,20.12377,-70.74331,-15.74954,-105.33808
4.78E+09,-15.91197,-36.02654,-45.81655,-164.97263,20.09053,-71.59298,-15.52641,-104.45862
4.79E+09,-15.91282,-36.20887,-54.6645,151.57809,20.09684,-72.35249,-15.47474,-104.75494
4.80E+09,-16.33166,-35.42508,-54.83631,-111.38397,20.058,-73.3321,-15.52234,-105.27987
4.80E+09,-16.11616,-36.40338,-49.57303,124.14426,20.07224,-74.02738,-15.373,-103.86288
4.81E+09,-16.03823,-35.35597,-51.99723,177.07188,20.03564,-74.76035,-14.55026,-105.71271
4.81E+09,-15.84188,-35.72968,-44.13255,152.39313,20.02571,-75.36089,-15.38693,-106.84692
4.82E+09,-16.13126,-39.5131,-40.74482,-177.63954,20.01796,-76.3541,-15.35687,-107.43209
4.83E+09,-15.87978,-34.28401,-45.98697,160.33119,20.0122,-77.09121,-15.85175,-105.05199
4.83E+09,-15.96967,-37.02195,-48.94063,-165.2748,19.9918,-77.82979,-15.75405,-109.90276
4.84E+09,-15.73741,-39.04825,-47.72476,-71.23935,19.97557,-78.62529,-15.47352,-107.7492
4.84E+09,-15.60085,-39.89438,-49.42238,148.92332,19.97414,-79.31673,-15.54552,-110.12494
4.85E+09,-15.77337,-39.03342,-45.82926,-161.18573,19.95361,-80.1467,-15.67874,-110.95818
4.86E+09,-15.73439,-38.33897,-46.43404,-152.90103,19.94447,-81.00857,-15.80357,-110.54551
4.86E+09,-15.18029,-39.20045,-40.60667,-155.6537,19.91982,-81.75983,-15.94049,-110.32696
4.87E+09,-15.64013,-40.41611,-52.55474,116.9948,19.89288,-82.56525,-16.16202,-114.64017
4.87E+09,-15.30731,-40.11888,-45.91069,173.11433,19.88212,-83.34559,-16.1775,-113.64571
4.88E+09,-15.40935,-41.42341,-46.64443,173.81306,19.86402,-84.09183,-16.32273,-115.83138
4.89E+09,-15.27793,-41.93805,-44.30719,-120.49939,19.81648,-84.85565,-16.15881,-110.54772
4.89E+09,-15.32011,-43.42148,-49.03371,-144.55847,19.82006,-85.67281,-16.19448,-110.88898
4.90E+09,-15.02007,-41.34866,-48.23627,-102.93206,19.82093,-86.33347,-15.94253,-113.05137
4.90E+09,-14.99263,-43.90717,-47.69636,133.56432,19.77345,-87.06543,-16.43146,-114.31477
4.91E+09,-15.21623,-44.39692,-59.07862,170.89117,19.76604,-87.66243,-16.61676,-115.15234
4.92E+09,-15.06158,-45.0664,-54.76854,123.77972,19.7536,-88.48731,-16.16165,-112.30125
4.92E+09,-15.27307,-44.57891,-51.58769,154.50394,19.74808,-89.28988,-16.69027,-116.22556
4.93E+09,-15.17001,-45.94995,-46.37304,-158.45993,19.73317,-89.98782,-16.82524,-116.85983
4.93E+09,-14.74533,-47.75438,-47.37044,-171.58801,19.70771,-90.71577,-16.95391,-116.85101
4.94E+09,-14.80064,-46.22514,-53.40872,75.01739,19.73626,-91.4765,-17.07761,-121.22773
4.95E+09,-14.23314,-45.74043,-40.32748,-121.81555,19.68803,-92.1321,-16.78267,-116.85133
4.95E+09,-14.71895,-46.69343,-56.31622,151.68083,19.69993,-92.80428,-16.74857,-118.32621
4.96E+09,-15.28169,-49.03355,-43.59589,165.83975,19.67588,-93.54879,-16.47796,-116.74328
4.96E+09,-15.04083,-47.47017,-50.10261,78.67207,19.66473,-94.35103,-16.57885,-117.135
4.97E+09,-14.9377,-49.54317,-46.45961,129.91753,19.65378,-94.93475,-16.54034,-118.59897
4.98E+09,-14.87505,-52.17226,-52.01165,55.19775,19.63061,-95.83071,-16.52414,-116.56722
4.98E+09,-14.742,-49.67222,-41.50123,152.21318,19.63435,-96.46878,-16.63586,-120.75954
4.99E+09,-15.16946,-50.69769,-52.06741,122.61277,19.6218,-97.16713,-16.55979,-118.57967
4.99E+09,-15.19335,-50.97371,-46.12651,33.47841,19.59438,-97.95927,-16.39887,-119.76173
5.00E+09,-15.25781,-54.99023,-48.06732,116.33439,19.61029,-98.7223,-16.79511,-123.11811
5.01E+09,-14.82375,-51.64253,-50.22899,-179.43077,19.61878,-99.45998,-16.87073,-125.37673
5.01E+09,-15.24908,-54.7917,-46.44232,-176.26868,19.59029,-100.2872,-16.62781,-124.95987
5.02E+09,-14.88827,-54.45766,-44.57177,41.33958,19.58125,-100.90298,-16.65506,-127.21063
5.02E+09,-15.04626,-54.3418,-44.6681,144.41357,19.58555,-101.76875,-16.63584,-125.02917
5.03E+09,-15.26894,-52.58829,-50.70651,107.73666,19.55619,-102.4884,-17.02737,-126.48325
5.04E+09,-15.10733,-56.48238,-42.95076,171.81351,19.5773,-103.28104,-17.15957,-123.76761
5.04E+09,-15.06278,-53.34986,-46.84865,64.594,19.53963,-103.97102,-16.59776,-125.97628
5.05E+09,-14.86496,-55.70683,-46.32904,92.35312,19.54278,-104.80893,-16.86768,-130.14165
5.05E+09,-15.0942,-57.12748,-40.16509,-178.93225,19.53097,-105.55482,-17.50064,-127.39248
5.06E+09,-15.15672,-57.62418,-50.30873,-174.82539,19.50528,-106.15856,-17.7516,-128.40936
5.07E+09,-14.92689,-56.91972,-42.02308,136.27359,19.51252,-107.00172,-17.29961,-127.01273
5.07E+09,-15.10357,-56.09275,-60.8283,-74.0431,19.49604,-107.63718,-17.83798,-131.81984
5.08E+09,-14.76839,-56.97912,-55.73195,-64.25146,19.49711,-108.36662,-17.48958,-128.42885
5.08E+09,-14.72731,-56.17254,-51.29932,-159.50563,19.45596,-109.215,-17.42428,-129.55115
5.09E+09,-15.17247,-59.81309,-45.16472,37.71972,19.44604,-109.83622,-17.24166,-131.85236
5.10E+09,-14.92024,-58.23087,-48.18153,155.75337,19.45525,-110.61931,-17.15072,-133.57443
5.10E+09,-15.24656,-58.238,-48.19709,107.14253,19.43084,-111.33443,-17.53977,-133.19867
5.11E+09,-14.61505,-59.54063,-48.71018,163.20773,19.43132,-112.13663,-17.18952,-130.56934
5.11E+09,-14.77103,-57.48821,-47.04375,-56.84604,19.41769,-112.67297,-17.49746,-129.06352
5.12E+09,-14.91243,-58.93331,-48.86601,126.11166,19.41567,-113.69843,-17.9351,-134.1618
5.13E+09,-15.1701,-61.40199,-44.88069,-158.24472,19.38133,-114.38291,-17.32194,-132.06044
5.13E+09,-15.05075,-61.98307,-43.77107,159.97639,19.40725,-115.30153,-17.70582,-131.13091
5.14E+09,-14.9652,-61.00531,-47.10373,154.83823,19.41038,-116.0042,-18.21507,-129.91463
5.14E+09,-14.97162,-60.87418,-54.84209,-179.73882,19.37937,-116.84474,-18.38355,-139.61208
5.15E+09,-15.12195,-61.2085,-48.25568,98.83059,19.39495,-117.36567,-18.45173,-132.53456
5.16E+09,-14.95491,-60.30451,-46.07127,-146.08522,19.38404,-118.32087,-18.37575,-136.47386
5.16E+09,-15.10876,-61.96856,-48.30382,164.14647,19.37265,-119.1392,-17.41038,-136.94179
5.17E+09,-15.04537,-62.55407,-59.18883,81.34861,19.35546,-119.84335,-18.22434,-141.50638
5.17E+09,-14.82449,-64.50358,-40.52011,115.10114,19.34466,-120.55511,-18.00053,-137.48561
5.18E+09,-14.8865,-63.13693,-51.15586,-137.69031,19.31596,-121.40154,-17.7528,-137.02945
5.19E+09,-14.97857,-64.24904,-47.40874,165.82735,19.32229,-121.93353,-17.85128,-141.93179
5.19E+09,-15.00541,-64.94661,-50.35135,-154.25075,19.31147,-122.81774,-17.53888,-137.46231
5.20E+09,-14.92499,-66.1849,-42.509,117.71383,19.29345,-123.58508,-18.49632,-141.60353
5.20E+09,-15.01005,-67.23581,-45.6372,121.35804,19.29426,-124.42757,-18.68108,-140.95746
5.21E+09,-14.86192,-64.75125,-44.36008,108.80598,19.26619,-125.0843,-18.5598,-141.8147
5.22E+09,-15.20194,-67.40018,-46.77107,88.50751,19.2513,-125.99214,-19.02917,-142.2952
5.22E+09,-15.12736,-65.36003,-56.68253,119.88408,19.25662,-126.75832,-19.30476,-147.30458
5.23E+09,-14.77774,-67.59544,-45.58313,176.97435,19.22603,-127.60862,-19.25566,-144.69308
5.23E+09,-15.11701,-67.88182,-46.55636,-158.86093,19.21539,-128.28801,-19.20922,-146.5136
5.24E+09,-15.15219,-66.80849,-49.73846,-157.05768,19.19949,-129.10968,-19.98596,-146.08618
5.25E+09,-14.76882,-67.44855,-46.60506,53.90723,19.20062,-129.81114,-18.90559,-147.72014
5.25E+09,-14.76432,-69.74483,-46.66043,-158.04047,19.16169,-130.57364,-18.92862,-143.12495
5.26E+09,-14.80967,-67.27868,-52.7584,-177.28795,19.18313,-131.43375,-19.48197,-147.07291
5.26E+09,-14.9651,-70.25301,-72.36543,176.91942,19.1425,-132.19617,-19.88442,-146.43159
5.27E+09,-15.13288,-69.62029,-52.21064,66.54615,19.12669,-132.81105,-19.02423,-149.57884
5.28E+09,-14.88965,-70.08315,-50.88217,156.37482,19.12515,-133.55904,-18.94077,-141.70868
5.28E+09,-15.19736,-71.7551,-44.22872,147.62642,19.10948,-134.36053,-19.86197,-141.46664
5.29E+09,-15.21567,-71.70716,-44.2271,158.12195,19.08035,-135.09688,-19.8477,-151.23593
5.29E+09,-15.06624,-71.27639,-48.50957,94.5303,19.10337,-135.9603,-19.99552,-150.44113
5.30E+09,-15.0816,-72.39254,-54.28058,45.80063,19.07199,-136.45071,-20.41416,-150.17276
5.31E+09,-15.17081,-74.41167,-47.0924,50.70191,19.04859,-137.2339,-20.89632,-152.60825
5.31E+09,-15.25993,-73.44906,-65.1324,67.24508,19.05183,-138.07178,-20.11184,-155.3647
5.32E+09,-15.37342,-74.7011,-44.67952,110.84195,19.0156,-138.79358,-20.38266,-154.81943
5.32E+09,-15.0887,-73.96652,-49.43142,38.13968,19.01139,-139.42255,-20.07777,-154.21371
5.33E+09,-15.21361,-74.19648,-50.92126,4.27962,19.01911,-140.17403,-20.04291,-156.91699
5.34E+09,-15.03303,-75.29257,-48.15999,112.82241,18.98312,-140.93903,-20.35045,-156.99704
5.34E+09,-15.25988,-72.72861,-41.43496,85.53273,18.98926,-141.74065,-20.0493,-155.67073
5.35E+09,-14.85947,-77.61406,-49.54289,-5.26122,18.95825,-142.62532,-20.98277,-153.07973
5.35E+09,-15.12898,-76.62057,-53.54227,89.60681,18.96145,-143.19171,-20.04919,-158.726
5.36E+09,-15.22817,-75.85965,-46.66944,-173.26546,18.9541,-144.14177,-20.75129,-156.91425
5.37E+09,-15.36246,-74.62817,-48.60989,-111.30491,18.94415,-144.81651,-20.96154,-160.63564
5.37E+09,-15.23822,-75.05982,-45.13354,171.68967,18.94356,-145.48889,-20.40709,-154.76027
5.38E+09,-15.53868,-76.46059,-48.2412,141.1402,18.93456,-146.1566,-20.27635,-162.22528
5.38E+09,-15.66656,-78.0892,-47.41523,88.00627,18.90974,-147.1738,-21.5312,-162.4108
5.39E+09,-15.34386,-77.4397,-46.51957,120.44534,18.89948,-147.81174,-20.41672,-164.40091
5.40E+09,-15.88485,-78.88856,-46.42285,93.61653,18.88165,-148.53806,-21.08158,-167.4771
5.40E+09,-15.7801,-78.1982,-46.10086,27.44004,18.88061,-149.46683,-20.77321,-164.36496
5.41E+09,-15.92074,-77.7355,-38.16785,60.78742,18.87743,-150.07535,-21.17234,-166.71838
5.41E+09,-15.31607,-80.97569,-45.45957,-123.9033,18.88448,-150.87988,-21.27266,-165.50333
5.42E+09,-15.64589,-80.73599,-54.10949,-84.21976,18.85839,-151.62505,-21.36337,-167.48772
5.42E+09,-15.56814,-78.30528,-45.81174,168.64069,18.86499,-152.29393,-21.31341,-166.69513
5.43E+09,-15.55078,-80.85081,-45.2623,115.36281,18.81711,-152.9317,-21.95593,-170.1044
5.44E+09,-15.6682,-80.43725,-43.0571,-143.00763,18.83522,-153.87001,-22.26631,-169.52184
5.44E+09,-15.59565,-80.40025,-53.90176,107.04096,18.81649,-154.54839,-22.78427,-173.53006
5.45E+09,-15.74885,-82.61053,-45.14472,63.64379,18.80374,-155.30806,-22.91073,-171.61665
5.45E+09,-15.67462,-83.33946,-43.2353,129.41673,18.78153,-156.03723,-21.84006,179.67572
5.46E+09,-15.39786,-82.24545,-47.1939,132.52859,18.77121,-156.90762,-23.48954,-179.50642
5.47E+09,-15.62112,-80.17145,-49.54057,-124.8754,18.7505,-157.65402,-22.62314,-171.9897
5.47E+09,-15.68256,-79.57644,-49.74041,74.95416,18.77255,-158.59415,-22.39697,-179.56308
5.48E+09,-15.70265,-81.52631,-47.17525,94.39265,18.75623,-159.11754,-21.66199,177.7773
5.48E+09,-15.76351,-84.30158,-54.78087,126.74586,18.73173,-159.98407,-22.79693,-178.83182
5.49E+09,-15.5458,-83.42699,-42.44525,18.62664,18.71229,-160.64108,-23.51622,178.17316
5.50E+09,-15.72191,-84.29585,-43.27946,-46.89209,18.69302,-161.49213,-23.21774,-178.00923
5.50E+09,-15.39258,-83.89361,-42.84852,81.41567,18.70499,-162.13429,-23.36137,-179.92621
5.51E+09,-15.60336,-84.12773,-40.10839,132.11974,18.69673,-163.10565,-24.41447,178.89281
5.51E+09,-16.14663,-85.08851,-39.77425,44.70388,18.66802,-163.68922,-23.4991,178.56119
5.52E+09,-16.1694,-84.55846,-42.84338,51.88638,18.647,-164.36223,-23.57733,179.92201
5.53E+09,-15.69716,-87.10328,-40.39483,148.09132,18.65599,-165.07523,-23.41548,179.07646
5.53E+09,-15.80236,-86.07424,-43.02296,127.11354,18.61295,-165.86656,-24.57906,173.81212
5.54E+09,-16.11358,-86.08991,-44.17824,35.12931,18.62952,-166.52379,-24.35043,173.4169
5.54E+09,-15.73877,-87.88126,-53.26014,-113.32195,18.60456,-167.188,-24.16646,173.02794
5.55E+09,-15.98959,-88.08613,-42.93498,55.40995,18.61227,-168.14452,-24.44469,168.65411
5.56E+09,-16.05943,-90.2312,-43.7415,120.47077,18.60103,-168.78386,-24.22844,175.89642
5.56E+09,-16.10305,-87.52064,-51.48121,6.89841,18.5793,-169.40355,-24.92992,177.84288
5.57E+09,-15.88166,-88.8913,-52.65743,23.11073,18.58557,-170.3886,-24.34972,177.47342
5.57E+09,-15.7203,-89.11709,-51.09201,111.96442,18.59536,-171.02808,-24.63025,170.68465
5.58E+09,-15.928,-90.9809,-43.61107,78.4561,18.57208,-171.71581,-25.72658,171.8819
5.59E+09,-15.83682,-89.4556,-55.30533,-84.23625,18.5637,-172.43781,-24.77842,164.61206
5.59E+09,-16.3846,-90.41605,-42.63539,129.7867,18.57164,-173.08272,-23.741,168.02066
5.60E+09,-16.42454,-90.01551,-44.81274,84.98827,18.55974,-173.86066,-24.8311,166.46629
5.60E+09,-16.22077,-90.27784,-54.383,83.25787,18.54859,-174.67059,-25.54221,168.24571
5.61E+09,-16.37554,-89.7143,-50.72457,128.4321,18.55482,-175.52635,-25.73167,163.04559
5.62E+09,-16.20217,-90.24346,-48.27017,135.04231,18.55546,-176.14687,-25.6244,163.07072
5.62E+09,-16.63194,-91.29875,-40.31402,134.49161,18.53138,-176.98346,-24.51344,153.92792
5.63E+09,-16.55628,-90.53987,-45.09165,9.29093,18.52555,-177.7614,-26.02608,157.3571
5.63E+09,-16.09135,-90.72059,-37.58159,8.85029,18.52273,-178.73714,-28.5355,146.47859
5.64E+09,-16.41769,-94.34647,-60.40671,-62.35215,18.51736,-179.42479,-25.62565,159.57263
5.65E+09,-16.5146,-93.63331,-49.11814,131.10297,18.49429,179.82988,-25.57258,154.58386
5.65E+09,-16.91939,-92.84969,-45.69009,120.09359,18.50297,179.13907,-25.97301,154.61458
5.66E+09,-16.60943,-93.0427,-54.16768,-95.79947,18.50087,178.20013,-26.0434,160.76418
5.66E+09,-16.69991,-96.1815,-50.7988,46.13136,18.51005,177.42944,-26.59048,151.71332
5.67E+09,-16.45693,-94.82246,-51.00926,115.12821,18.48954,176.74358,-26.91739,148.75955
5.68E+09,-16.66368,-94.6606,-44.04732,116.4984,18.46215,175.93639,-27.27619,148.71437
5.68E+09,-16.63041,-94.55257,-47.48809,129.21167,18.45359,175.17786,-26.61658,132.36133
5.69E+09,-16.75024,-94.4911,-46.39763,106.28642,18.44612,174.43608,-27.97959,121.36797
5.69E+09,-16.78977,-95.8251,-62.52413,90.12932,18.43415,173.82402,-27.05888,138.98195
5.70E+09,-17.20243,-94.7734,-41.99411,66.21935,18.4472,173.03102,-27.38973,133.26889
5.71E+09,-17.12173,-96.63809,-47.31866,124.93726,18.44577,172.02464,-27.41481,140.49376
5.71E+09,-17.13243,-97.98122,-42.99569,108.9225,18.43117,171.24773,-28.25699,139.54514
5.72E+09,-16.82,-97.3076,-61.7964,-130.42221,18.40935,170.47234,-29.44516,133.99825
5.72E+09,-16.84217,-96.31899,-45.54733,128.65848,18.40958,169.70544,-27.49877,132.95535
5.73E+09,-17.10293,-97.53721,-53.03406,25.9097,18.42069,168.93788,-30.16578,131.69353
5.74E+09,-17.06538,-98.38787,-49.81498,29.92959,18.3817,168.11322,-28.84987,122.26002
5.74E+09,-17.07325,-96.93417,-48.04453,-151.72214,18.36361,167.52866,-29.79707,122.32511
5.75E+09,-17.36334,-97.78985,-51.56447,95.53967,18.35672,166.67616,-30.27122,121.23244
5.75E+09,-17.11585,-96.99206,-47.10209,175.86069,18.37977,165.87685,-28.34399,127.76462
5.76E+09,-17.26989,-99.8924,-44.51715,-61.60686,18.35732,164.90501,-31.27325,113.90334
5.77E+09,-17.28326,-101.5238,-42.1558,-179.72397,18.3466,164.20006,-26.76823,108.32036
5.77E+09,-17.80214,-97.66381,-46.75715,55.36286,18.33973,163.29311,-29.97333,119.03526
5.78E+09,-17.35293,-100.23824,-49.13267,81.19453,18.30517,162.6302,-30.86324,103.20026
5.78E+09,-17.40036,-100.59402,-47.34654,129.82988,18.3234,161.85904,-29.86355,120.28874
5.79E+09,-17.5791,-101.27946,-58.24824,21.25335,18.29042,161.09366,-30.90692,107.43395
5.80E+09,-17.31032,-100.04277,-54.18697,73.39652,18.28094,160.157,-32.07403,111.37592
5.80E+09,-18.20743,-99.00857,-49.31632,83.12779,18.27026,159.44112,-29.47146,92.5676
5.81E+09,-17.8412,-100.98089,-55.93618,-2.32716,18.25679,158.71182,-29.20709,93.24281
5.81E+09,-17.59674,-100.84621,-49.16595,50.94391,18.25345,157.93851,-30.73435,89.7924
5.82E+09,-17.54524,-102.86619,-54.04129,114.8788,18.23412,157.07108,-29.20578,92.28657
5.83E+09,-18.09873,-101.83308,-61.23274,-89.61613,18.23698,156.30006,-29.03804,91.66336
5.83E+09,-17.73078,-102.0433,-43.67373,90.10822,18.23302,155.53951,-27.6994,77.7488
5.84E+09,-18.12017,-101.46153,-51.1685,43.63618,18.21104,154.78491,-30.10402,81.25143
5.84E+09,-17.89356,-102.44693,-52.00668,-119.21289,18.21402,153.93442,-29.0484,92.3814
5.85E+09,-18.09774,-100.9769,-47.51499,30.08349,18.20347,153.31631,-29.60922,77.87962
5.86E+09,-18.29741,-104.58602,-51.80659,160.97197,18.18103,152.37816,-27.75568,74.7649
5.86E+09,-18.62283,-105.57461,-48.98119,149.61629,18.17714,151.5085,-28.67253,78.69617
5.87E+09,-18.34198,-100.80409,-45.47099,84.99533,18.16688,150.69615,-28.02856,80.09938
5.87E+09,-18.22863,-105.11882,-46.34662,27.03398,18.1606,149.87794,-30.64179,77.74847
5.88E+09,-18.48306,-102.51175,-49.39876,-174.20793,18.12868,149.09401,-27.97483,67.02769
5.89E+09,-18.66764,-104.03953,-48.01944,63.53739,18.11217,148.4014,-27.96639,63.54011
5.89E+09,-18.63953,-103.9296,-46.00004,-52.17895,18.14292,147.60518,-29.30335,46.23356
5.90E+09,-18.55818,-106.38326,-61.68108,31.93704,18.09046,146.74409,-28.46191,54.85581
5.90E+09,-18.62247,-107.84835,-43.82421,89.33175,18.07457,145.63232,-27.83085,43.69718
5.91E+09,-18.42393,-105.17216,-47.4237,78.32793,18.04668,145.08446,-27.27012,51.93328
5.92E+09,-18.57704,-108.61144,-56.51119,13.73175,18.02981,144.21909,-28.49866,56.74421
5.92E+09,-18.99943,-104.82209,-43.34899,42.57967,18.0233,143.41238,-27.49482,44.67876
5.93E+09,-19.10484,-103.31629,-49.11952,61.46694,18.02676,142.65965,-26.88759,48.99287
5.93E+09,-19.02268,-104.72414,-53.31935,123.75725,17.9828,141.75325,-27.46187,48.07049
5.94E+09,-18.39354,-105.93949,-46.97007,63.7461,17.98727,140.96034,-30.60215,41.19364
5.95E+09,-18.96097,-106.18781,-53.16497,32.10345,17.96274,140.18379,-29.37755,33.9068
5.95E+09,-19.07937,-105.45205,-58.61388,21.55403,17.9414,139.43671,-27.84143,37.30655
5.96E+09,-18.99023,-104.79487,-52.50599,130.72289,17.91821,138.84134,-26.3444,35.73903
5.96E+09,-19.17608,-107.27771,-44.67134,29.79924,17.915,137.90266,-26.77615,27.58924
5.97E+09,-19.23778,-108.3436,-49.9858,-170.71239,17.90119,137.05252,-28.07486,35.47764
5.98E+09,-19.02489,-107.86394,-70.94316,-44.76609,17.88231,136.2896,-27.01238,31.34586
5.98E+09,-19.57088,-108.4682,-47.92057,-52.74797,17.88098,135.67467,-27.16769,25.22807
5.99E+09,-19.64587,-108.79191,-51.16522,61.95648,17.85288,134.67812,-28.04808,24.33076
5.99E+09,-19.56688,-107.67494,-45.87369,76.16557,17.8369,134.05597,-27.31036,31.66684
6.00E+09,-19.68655,-108.71214,-52.61548,-13.34132,17.81587,133.16147,-27.41982,23.94642
